Date,Value,League,Confidence
2016-09-08,64.00417,Essence,0
2016-09-09,64.51451,Essence,0
2016-09-10,65.0028,Essence,0
2016-09-11,65.05764,Essence,0
2016-09-12,65.98811,Essence,0
2016-09-13,66.01724,Essence,0
2016-09-14,69.08462,Essence,0
2016-09-15,69.83986,Essence,0
2016-09-16,68.44797,Essence,0
2016-09-17,66.80162,Essence,0
2016-09-18,66.0,Essence,0
2016-09-19,65.99087,Essence,0
2016-09-20,65.11401,Essence,0
2016-09-21,64.70493,Essence,0
2016-09-22,64.72966,Essence,0
2016-09-23,64.94301,Essence,0
2016-09-24,63.93462,Essence,0
2016-09-25,63.99333,Essence,0
2016-09-26,63.87528,Essence,0
2016-09-27,63.1109,Essence,0
2016-09-28,63.84893,Essence,0
2016-09-29,63.98775,Essence,0
2016-09-30,64.0,Essence,0
2016-10-01,64.0,Essence,0
2016-10-02,63.9993,Essence,0
2016-10-03,63.97182,Essence,0
2016-10-04,63.99311,Essence,0
2016-10-05,64.0,Essence,0
2016-10-06,64.57713,Essence,0
2016-10-07,64.15459,Essence,0
2016-10-08,64.83147,Essence,0
2016-10-09,64.99873,Essence,0
2016-10-10,65.0,Essence,0
2016-10-11,65.0,Essence,0
2016-10-12,65.63364,Essence,0
2016-10-13,66.41441,Essence,0
2016-10-14,67.0,Essence,0
2016-10-15,66.99839,Essence,0
2016-10-16,67.46224,Essence,0
2016-10-17,68.70503,Essence,0
2016-10-18,70.16339,Essence,0
2016-10-19,71.0,Essence,0
2016-10-20,71.0,Essence,0
2016-10-21,71.07986,Essence,0
2016-10-22,71.96094,Essence,0
2016-10-23,71.4151,Essence,0
2016-10-24,71.9951,Essence,0
2016-10-25,72.0,Essence,0
2016-10-26,72.0,Essence,0
2016-10-27,72.0,Essence,0
2016-10-28,72.09582,Essence,0
2016-10-29,72.95771,Essence,0
2016-10-30,72.62911,Essence,0
2016-10-31,72.92817,Essence,0
2016-11-01,73.40629,Essence,0
2016-11-02,73.45406,Essence,0
2016-11-03,73.79351,Essence,0
2016-11-04,73.81897,Essence,0
2016-11-05,73.52439,Essence,0
2016-11-06,73.15532,Essence,0
2016-11-07,72.9847,Essence,0
2016-11-08,72.13142,Essence,0
2016-11-09,71.99355,Essence,0
2016-11-10,71.75778,Essence,0
2016-11-11,70.52875,Essence,0
2016-11-12,69.69598,Essence,0
2016-11-13,68.5474,Essence,0
2016-11-14,68.00455,Essence,0
2016-11-15,68.73591,Essence,0
2016-11-16,69.01935,Essence,0
2016-11-17,68.93825,Essence,0
2016-11-18,68.24958,Essence,0
2016-11-19,67.10104,Essence,0
2016-11-20,66.32874,Essence,0
2016-11-21,65.29069,Essence,0
2016-11-22,65.0,Essence,0
2016-11-23,64.97231,Essence,0
2016-11-24,63.85123,Essence,0
2016-11-25,63.25719,Essence,0
2016-11-26,64.0,Essence,0
2016-11-27,64.94583,Essence,0
2016-11-28,67.30846,Essence,0
2016-12-02,86.5,Breach,1
2016-12-03,40.00526,Breach,0
2016-12-04,44.63661,Breach,0
2016-12-05,52.41607,Breach,0
2016-12-06,55.52644,Breach,0
2016-12-07,57.80439,Breach,0
2016-12-08,59.93464,Breach,0
2016-12-09,62.13554,Breach,0
2016-12-10,64.86616,Breach,0
2016-12-11,65.70255,Breach,0
2016-12-12,67.29364,Breach,0
2016-12-13,69.00714,Breach,0
2016-12-14,71.19107,Breach,0
2016-12-15,71.39211,Breach,0
2016-12-16,71.575,Breach,0
2016-12-17,71.14125,Breach,0
2016-12-18,70.70909,Breach,0
2016-12-19,70.21667,Breach,0
2016-12-20,70.0,Breach,0
2016-12-21,70.17273,Breach,0
2016-12-22,70.74864,Breach,0
2016-12-23,70.05702,Breach,0
2016-12-24,70.32397,Breach,0
2016-12-25,70.50509,Breach,0
2016-12-26,70.98481,Breach,0
2016-12-27,70.62164,Breach,0
2016-12-28,70.44364,Breach,0
2016-12-29,70.30873,Breach,0
2016-12-30,70.0,Breach,0
2016-12-31,69.82934,Breach,0
2017-01-01,69.0,Breach,0
2017-01-02,69.0,Breach,0
2017-01-03,68.05982,Breach,0
2017-01-04,67.13696,Breach,0
2017-01-05,65.63273,Breach,0
2017-01-06,62.70909,Breach,0
2017-01-07,60.6,Breach,0
2017-01-08,56.79777,Breach,0
2017-01-09,52.59503,Breach,0
2017-01-10,53.50118,Breach,0
2017-01-11,59.66545,Breach,0
2017-01-12,57.28714,Breach,0
2017-01-13,54.89554,Breach,0
2017-01-14,53.85636,Breach,0
2017-01-15,52.05083,Breach,0
2017-01-16,51.74055,Breach,0
2017-01-17,50.98214,Breach,0
2017-01-18,50.0,Breach,0
2017-01-19,49.97127,Breach,0
2017-01-20,48.88891,Breach,0
2017-01-21,46.7391,Breach,0
2017-01-22,43.75,Breach,0
2017-01-23,42.65222,Breach,0
2017-01-24,42.01436,Breach,0
2017-01-25,42.03212,Breach,0
2017-01-26,43.13142,Breach,0
2017-01-27,46.99175,Breach,0
2017-01-28,48.62679,Breach,0
2017-01-29,46.79696,Breach,0
2017-01-30,46.6697,Breach,0
2017-01-31,47.20754,Breach,0
2017-02-01,48.18196,Breach,0
2017-02-02,49.36589,Breach,0
2017-02-03,50.67857,Breach,0
2017-02-04,51.62714,Breach,0
2017-02-05,53.31394,Breach,0
2017-02-06,55.74895,Breach,0
2017-02-07,58.21895,Breach,0
2017-02-08,63.56912,Breach,0
2017-02-09,66.2338,Breach,0
2017-02-10,69.05313,Breach,0
2017-02-11,68.09807,Breach,0
2017-02-12,68.15965,Breach,0
2017-02-13,69.20817,Breach,0
2017-02-14,69.98747,Breach,0
2017-02-15,70.26197,Breach,0
2017-02-16,72.29047,Breach,0
2017-02-17,73.00614,Breach,0
2017-02-18,72.4161,Breach,0
2017-02-19,71.52617,Breach,0
2017-02-20,71.348,Breach,0
2017-02-21,71.63969,Breach,0
2017-02-22,72.14746,Breach,0
2017-02-23,72.99339,Breach,0
2017-02-24,73.61189,Breach,0
2017-02-25,75.31397,Breach,0
2017-02-26,76.94746,Breach,0
2017-02-27,77.91293,Breach,0
2017-02-28,80.13333,Breach,0
2017-03-03,25.0,Legacy,1
2017-03-04,28.72333,Legacy,0
2017-03-05,43.01149,Legacy,0
2017-03-06,49.5314,Legacy,0
2017-03-07,52.07281,Legacy,0
2017-03-08,52.00877,Legacy,0
2017-03-09,52.27458,Legacy,0
2017-03-10,54.35085,Legacy,0
2017-03-11,56.89579,Legacy,0
2017-03-12,61.66724,Legacy,0
2017-03-13,65.79211,Legacy,0
2017-03-14,68.24737,Legacy,0
2017-03-15,69.96379,Legacy,0
2017-03-16,71.0,Legacy,0
2017-03-17,72.00934,Legacy,0
2017-03-18,74.65369,Legacy,0
2017-03-19,75.38814,Legacy,0
2017-03-20,76.23576,Legacy,0
2017-03-21,78.87027,Legacy,0
2017-03-22,79.83199,Legacy,0
2017-03-23,82.35028,Legacy,0
2017-03-24,85.54345,Legacy,0
2017-03-25,87.46723,Legacy,0
2017-03-26,86.11638,Legacy,0
2017-03-27,86.9469,Legacy,0
2017-03-28,89.27506,Legacy,0
2017-03-29,93.63845,Legacy,0
2017-03-30,99.32483,Legacy,0
2017-03-31,101.3246,Legacy,0
2017-04-01,104.74224,Legacy,0
2017-04-02,108.46897,Legacy,0
2017-04-03,113.94746,Legacy,0
2017-04-04,111.99914,Legacy,0
2017-04-05,101.68448,Legacy,0
2017-04-06,105.29552,Legacy,0
2017-04-07,108.88033,Legacy,0
2017-04-08,111.34454,Legacy,0
2017-04-09,109.71517,Legacy,0
2017-04-10,105.88862,Legacy,0
2017-04-11,100.06552,Legacy,0
2017-04-12,93.93707,Legacy,0
2017-04-13,87.02667,Legacy,0
2017-04-14,90.03828,Legacy,0
2017-04-15,93.20517,Legacy,0
2017-04-16,93.23034,Legacy,0
2017-04-17,91.95172,Legacy,0
2017-04-18,92.27695,Legacy,0
2017-04-19,93.28508,Legacy,0
2017-04-20,94.04237,Legacy,0
2017-04-21,94.2704,Legacy,0
2017-04-22,93.25598,Legacy,0
2017-04-23,93.0,Legacy,0
2017-04-24,93.0,Legacy,0
2017-04-25,93.58712,Legacy,0
2017-04-26,94.99368,Legacy,0
2017-04-27,95.07083,Legacy,0
2017-04-28,95.03475,Legacy,0
2017-04-29,94.96379,Legacy,0
2017-04-30,94.32896,Legacy,0
2017-05-01,94.18508,Legacy,0
2017-05-02,94.99759,Legacy,0
2017-05-03,95.02016,Legacy,0
2017-05-04,96.23569,Legacy,0
2017-05-05,97.26525,Legacy,0
2017-05-06,98.01377,Legacy,0
2017-05-07,98.65655,Legacy,0
2017-05-08,98.04983,Legacy,0
2017-05-09,97.98845,Legacy,0
2017-05-10,97.92373,Legacy,0
2017-05-11,97.94966,Legacy,0
2017-05-12,98.00203,Legacy,0
2017-05-13,98.67254,Legacy,0
2017-05-14,98.04316,Legacy,0
2017-05-15,98.0,Legacy,0
2017-05-16,97.98638,Legacy,0
2017-05-17,98.0,Legacy,0
2017-05-18,98.4727,Legacy,0
2017-05-19,98.51461,Legacy,0
2017-05-20,98.61011,Legacy,0
2017-05-21,98.0,Legacy,0
2017-05-22,97.6742,Legacy,0
2017-05-23,96.78503,Legacy,0
2017-05-24,93.99232,Legacy,0
2017-05-25,93.0,Legacy,0
2017-05-26,92.85836,Legacy,0
2017-05-27,92.22983,Legacy,0
2017-05-28,90.67893,Legacy,0
2017-05-29,88.36294,Legacy,0
2017-05-30,86.6765,Legacy,0
2017-05-31,85.13569,Legacy,0
2017-06-01,86.01441,Legacy,0
2017-06-02,87.57712,Legacy,0
2017-06-03,90.4452,Legacy,0
2017-06-04,89.32921,Legacy,0
2017-06-05,89.21951,Legacy,0
2017-06-06,89.27362,Legacy,0
2017-06-07,89.68684,Legacy,0
2017-06-08,90.33254,Legacy,0
2017-06-09,91.61972,Legacy,0
2017-06-10,90.75813,Legacy,0
2017-06-11,90.84875,Legacy,0
2017-06-12,90.38547,Legacy,0
2017-06-13,91.975,Legacy,0
2017-06-14,91.68239,Legacy,0
2017-06-15,90.97,Legacy,0
2017-06-16,90.33821,Legacy,0
2017-06-17,89.96248,Legacy,0
2017-06-18,88.801,Legacy,0
2017-06-19,88.13821,Legacy,0
2017-06-20,87.64775,Legacy,0
2017-06-21,87.0,Legacy,0
2017-06-22,86.2975,Legacy,0
2017-06-23,85.15094,Legacy,0
2017-06-24,83.89957,Legacy,0
2017-06-25,82.91,Legacy,0
2017-06-26,82.09872,Legacy,0
2017-06-27,81.97975,Legacy,0
2017-06-28,81.86395,Legacy,0
2017-06-29,81.63205,Legacy,0
2017-06-30,81.05641,Legacy,0
2017-07-01,81.34554,Legacy,0
2017-07-02,81.0,Legacy,0
2017-07-03,81.0,Legacy,0
2017-07-04,80.9975,Legacy,0
2017-07-05,81.19402,Legacy,0
2017-07-06,81.88792,Legacy,0
2017-07-07,81.71813,Legacy,0
2017-07-08,81.51291,Legacy,0
2017-07-09,81.0641,Legacy,0
2017-07-10,80.99075,Legacy,0
2017-07-11,80.95958,Legacy,0
2017-07-12,80.3925,Legacy,0
2017-07-13,80.90525,Legacy,0
2017-07-14,80.16,Legacy,0
2017-07-15,80.0,Legacy,0
2017-07-16,80.16068,Legacy,0
2017-07-17,80.32607,Legacy,0
2017-07-18,80.01764,Legacy,0
2017-07-19,79.96077,Legacy,0
2017-07-20,79.93,Legacy,0
2017-07-21,80.0,Legacy,0
2017-07-22,80.01,Legacy,0
2017-07-23,79.99744,Legacy,0
2017-07-24,80.22655,Legacy,0
2017-07-25,80.77829,Legacy,0
2017-07-26,81.2875,Legacy,0
2017-07-27,82.25385,Legacy,0
2017-07-28,83.96984,Legacy,0
2017-07-29,87.12103,Legacy,0
2017-07-30,89.82892,Legacy,0
2017-07-31,90.67162,Legacy,0
2017-08-05,29.69322,Harbinger,0
2017-08-06,41.07667,Harbinger,0
2017-08-07,48.5306,Harbinger,0
2017-08-08,51.5515,Harbinger,0
2017-08-09,49.6375,Harbinger,0
2017-08-10,47.07745,Harbinger,0
2017-08-11,44.96863,Harbinger,0
2017-08-12,41.27733,Harbinger,0
2017-08-13,39.48881,Harbinger,0
2017-08-14,38.4734,Harbinger,0
2017-08-15,38.81929,Harbinger,0
2017-08-16,38.84739,Harbinger,0
2017-08-17,40.0,Harbinger,0
2017-08-18,40.5621,Harbinger,0
2017-08-19,40.85814,Harbinger,0
2017-08-20,40.30092,Harbinger,0
2017-08-21,40.0,Harbinger,0
2017-08-22,40.0,Harbinger,0
2017-08-23,40.0,Harbinger,0
2017-08-24,39.72693,Harbinger,0
2017-08-25,38.99865,Harbinger,0
2017-08-26,37.81173,Harbinger,0
2017-08-27,36.58102,Harbinger,0
2017-08-28,35.83753,Harbinger,0
2017-08-29,34.70884,Harbinger,0
2017-08-30,33.11007,Harbinger,0
2017-08-31,31.79189,Harbinger,0
2017-09-01,30.0067,Harbinger,0
2017-09-02,28.07106,Harbinger,0
2017-09-03,26.99815,Harbinger,0
2017-09-04,27.0434,Harbinger,0
2017-09-05,30.6721,Harbinger,0
2017-09-06,35.82207,Harbinger,0
2017-09-07,35.957,Harbinger,0
2017-09-08,37.083,Harbinger,0
2017-09-09,39.74765,Harbinger,0
2017-09-10,48.867,Harbinger,0
2017-09-11,60.6512,Harbinger,0
2017-09-12,66.84213,Harbinger,0
2017-09-13,67.2351,Harbinger,0
2017-09-14,67.0,Harbinger,0
2017-09-15,66.46987,Harbinger,0
2017-09-16,66.0,Harbinger,0
2017-09-17,66.0657,Harbinger,0
2017-09-18,67.53544,Harbinger,0
2017-09-19,70.7088,Harbinger,0
2017-09-20,77.6882,Harbinger,0
2017-09-21,81.43755,Harbinger,0
2017-09-22,83.03894,Harbinger,0
2017-09-23,84.34237,Harbinger,0
2017-09-24,87.36683,Harbinger,0
2017-09-25,87.00229,Harbinger,0
2017-09-26,87.96913,Harbinger,0
2017-09-27,87.96855,Harbinger,0
2017-09-28,89.24398,Harbinger,0
2017-09-29,90.346,Harbinger,0
2017-09-30,93.43843,Harbinger,0
2017-10-01,95.023,Harbinger,0
2017-10-02,95.00193,Harbinger,0
2017-10-03,96.0,Harbinger,0
2017-10-04,95.60304,Harbinger,0
2017-10-05,95.5948,Harbinger,0
2017-10-06,94.97147,Harbinger,0
2017-10-07,93.616,Harbinger,0
2017-10-08,87.56029,Harbinger,0
2017-10-09,82.3764,Harbinger,0
2017-10-10,79.91359,Harbinger,0
2017-10-11,81.3795,Harbinger,0
2017-10-12,84.67706,Harbinger,0
2017-10-13,84.33696,Harbinger,0
2017-10-14,83.83442,Harbinger,0
2017-10-15,82.83014,Harbinger,0
2017-10-16,82.0218,Harbinger,0
2017-10-17,81.04576,Harbinger,0
2017-10-18,80.92059,Harbinger,0
2017-10-19,81.0,Harbinger,0
2017-10-20,80.78716,Harbinger,0
2017-10-21,79.938,Harbinger,0
2017-10-22,78.34485,Harbinger,0
2017-10-23,76.74882,Harbinger,0
2017-10-24,75.21276,Harbinger,0
2017-10-25,74.99762,Harbinger,0
2017-10-26,74.9994,Harbinger,0
2017-10-27,75.80059,Harbinger,0
2017-10-28,77.6741,Harbinger,0
2017-10-29,77.5901,Harbinger,0
2017-10-30,76.99119,Harbinger,0
2017-10-31,76.57492,Harbinger,0
2017-11-01,76.80833,Harbinger,0
2017-11-02,76.05754,Harbinger,0
2017-11-03,74.76275,Harbinger,0
2017-11-04,74.01025,Harbinger,0
2017-11-05,73.99078,Harbinger,0
2017-11-06,73.71265,Harbinger,0
2017-11-07,73.53691,Harbinger,0
2017-11-08,73.25147,Harbinger,0
2017-11-09,75.18344,Harbinger,0
2017-11-10,77.87939,Harbinger,0
2017-11-11,82.55501,Harbinger,0
2017-11-12,83.65024,Harbinger,0
2017-11-13,83.3449,Harbinger,0
2017-11-14,84.52481,Harbinger,0
2017-11-15,86.97966,Harbinger,0
2017-11-16,89.20556,Harbinger,0
2017-11-17,89.74535,Harbinger,0
2017-11-18,88.51599,Harbinger,0
2017-11-19,88.24168,Harbinger,0
2017-11-20,88.12098,Harbinger,0
2017-11-21,88.0,Harbinger,0
2017-11-22,87.90074,Harbinger,0
2017-11-23,87.85852,Harbinger,0
2017-11-24,88.74632,Harbinger,0
2017-11-25,89.40879,Harbinger,0
2017-11-26,89.87817,Harbinger,0
2017-11-27,89.69384,Harbinger,0
2017-11-28,89.95935,Harbinger,0
2017-11-29,89.94701,Harbinger,0
2017-11-30,90.52278,Harbinger,0
2017-12-01,92.43142,Harbinger,0
2017-12-02,93.50186,Harbinger,0
2017-12-03,94.06056,Harbinger,0
2017-12-04,94.70674,Harbinger,0
2017-12-09,26.16644,Abyss,0
2017-12-10,35.92556,Abyss,0
2017-12-11,43.5739,Abyss,0
2017-12-12,47.99698,Abyss,0
2017-12-13,45.45841,Abyss,0
2017-12-14,41.32816,Abyss,0
2017-12-15,42.48889,Abyss,0
2017-12-16,41.78923,Abyss,0
2017-12-17,41.5251,Abyss,0
2017-12-18,45.1072,Abyss,0
2017-12-19,60.96511,Abyss,0
2017-12-20,69.67122,Abyss,0
2017-12-21,71.29334,Abyss,0
2017-12-22,74.122,Abyss,0
2017-12-23,79.05021,Abyss,0
2017-12-24,85.535,Abyss,0
2017-12-25,90.74893,Abyss,0
2017-12-26,85.32706,Abyss,0
2017-12-27,80.56075,Abyss,0
2017-12-28,82.91698,Abyss,0
2017-12-29,83.99195,Abyss,0
2017-12-30,84.24766,Abyss,0
2017-12-31,85.36966,Abyss,0
2018-01-01,85.3875,Abyss,0
2018-01-02,87.69038,Abyss,0
2018-01-03,90.22788,Abyss,0
2018-01-04,91.21405,Abyss,0
2018-01-05,90.67512,Abyss,0
2018-01-06,91.11682,Abyss,0
2018-01-07,90.39382,Abyss,0
2018-01-08,90.05419,Abyss,0
2018-01-09,89.94693,Abyss,0
2018-01-10,89.87451,Abyss,0
2018-01-11,89.6155,Abyss,0
2018-01-12,88.81333,Abyss,0
2018-01-13,86.78846,Abyss,0
2018-01-14,81.81886,Abyss,0
2018-01-15,78.63808,Abyss,0
2018-01-16,77.85869,Abyss,0
2018-01-17,77.20399,Abyss,0
2018-01-18,76.77234,Abyss,0
2018-01-19,72.81259,Abyss,0
2018-01-20,68.9256,Abyss,0
2018-01-21,67.84483,Abyss,0
2018-01-22,70.44751,Abyss,0
2018-01-23,75.27812,Abyss,0
2018-01-24,78.21833,Abyss,0
2018-01-25,77.93544,Abyss,0
2018-01-26,77.29143,Abyss,0
2018-01-27,75.72125,Abyss,0
2018-01-28,73.45626,Abyss,0
2018-01-29,74.19236,Abyss,0
2018-01-30,74.26587,Abyss,0
2018-01-31,75.10968,Abyss,0
2018-02-01,76.09847,Abyss,0
2018-02-02,78.64601,Abyss,0
2018-02-03,79.01144,Abyss,0
2018-02-04,79.27997,Abyss,0
2018-02-05,80.45141,Abyss,0
2018-02-06,81.86628,Abyss,0
2018-02-07,84.66503,Abyss,0
2018-02-08,85.41624,Abyss,0
2018-02-09,89.16657,Abyss,0
2018-02-10,91.12992,Abyss,0
2018-02-11,91.83544,Abyss,0
2018-02-12,92.02525,Abyss,0
2018-02-13,92.28014,Abyss,0
2018-02-14,91.17432,Abyss,0
2018-02-15,91.55051,Abyss,0
2018-02-16,91.0904,Abyss,0
2018-02-17,90.93832,Abyss,0
2018-02-18,90.98109,Abyss,0
2018-02-19,90.96212,Abyss,0
2018-02-20,90.39355,Abyss,0
2018-02-21,91.67467,Abyss,0
2018-02-22,92.86349,Abyss,0
2018-02-23,94.33016,Abyss,0
2018-02-24,94.93684,Abyss,0
2018-02-25,95.83257,Abyss,0
2018-02-26,98.78955,Abyss,0
2018-03-02,58.0,Bestiary,1
2018-03-03,26.156,Bestiary,0
2018-03-04,40.16032,Bestiary,0
2018-03-05,50.45981,Bestiary,0
2018-03-06,49.05885,Bestiary,0
2018-03-07,50.46742,Bestiary,0
2018-03-08,55.7291,Bestiary,0
2018-03-09,66.18633,Bestiary,0
2018-03-10,70.15682,Bestiary,0
2018-03-11,71.02177,Bestiary,0
2018-03-12,75.04021,Bestiary,0
2018-03-13,79.3179,Bestiary,0
2018-03-14,80.65851,Bestiary,0
2018-03-15,80.96557,Bestiary,0
2018-03-16,79.44353,Bestiary,0
2018-03-17,74.3598,Bestiary,0
2018-03-18,73.12796,Bestiary,0
2018-03-19,71.20945,Bestiary,0
2018-03-20,72.01392,Bestiary,0
2018-03-21,72.80732,Bestiary,0
2018-03-22,72.77087,Bestiary,0
2018-03-23,72.87644,Bestiary,0
2018-03-24,72.1335,Bestiary,0
2018-03-25,71.9317,Bestiary,0
2018-03-26,72.86709,Bestiary,0
2018-03-27,74.3337,Bestiary,0
2018-03-28,77.09497,Bestiary,0
2018-03-29,78.41942,Bestiary,0
2018-03-30,81.05735,Bestiary,0
2018-03-31,81.96441,Bestiary,0
2018-04-01,83.17588,Bestiary,0
2018-04-02,82.11285,Bestiary,0
2018-04-03,83.68532,Bestiary,0
2018-04-04,88.36653,Bestiary,0
2018-04-05,92.4885,Bestiary,0
2018-04-06,93.35595,Bestiary,0
2018-04-07,94.03279,Bestiary,0
2018-04-08,94.48748,Bestiary,0
2018-04-09,96.17833,Bestiary,0
2018-04-10,98.31959,Bestiary,0
2018-04-11,102.79045,Bestiary,0
2018-04-12,109.08775,Bestiary,0
2018-04-13,105.57608,Bestiary,0
2018-04-14,103.39639,Bestiary,0
2018-04-15,104.95947,Bestiary,0
2018-04-16,109.32601,Bestiary,0
2018-04-17,112.41786,Bestiary,0
2018-04-18,113.9941,Bestiary,0
2018-04-19,114.43918,Bestiary,0
2018-04-20,117.25137,Bestiary,0
2018-04-21,119.68599,Bestiary,0
2018-04-22,122.20752,Bestiary,0
2018-04-23,123.93222,Bestiary,0
2018-04-24,124.30413,Bestiary,0
2018-04-25,126.58305,Bestiary,0
2018-04-26,128.69158,Bestiary,0
2018-04-27,131.37043,Bestiary,0
2018-04-28,131.0,Bestiary,0
2018-04-29,127.0,Bestiary,0
2018-04-30,128.0,Bestiary,0
2018-05-01,128.0,Bestiary,0
2018-05-02,126.9975,Bestiary,0
2018-05-03,127.0,Bestiary,0
2018-05-04,127.0,Bestiary,0
2018-05-05,127.09382,Bestiary,0
2018-05-06,129.5,Bestiary,0
2018-05-07,131.65254,Bestiary,0
2018-05-08,140.0,Bestiary,0
2018-05-09,140.0,Bestiary,0
2018-05-10,141.0,Bestiary,0
2018-05-11,145.0,Bestiary,0
2018-05-12,144.38219,Bestiary,0
2018-05-13,142.0,Bestiary,0
2018-05-14,145.0,Bestiary,0
2018-05-15,145.0,Bestiary,0
2018-05-16,144.02173,Bestiary,0
2018-05-17,145.0,Bestiary,0
2018-05-18,143.04591,Bestiary,0
2018-05-19,140.0,Bestiary,0
2018-05-20,135.0,Bestiary,0
2018-05-21,133.0,Bestiary,0
2018-05-22,130.0,Bestiary,0
2018-05-23,130.0,Bestiary,0
2018-05-24,130.0,Bestiary,0
2018-05-25,129.0301,Bestiary,0
2018-05-26,130.0,Bestiary,0
2018-05-27,130.0,Bestiary,0
2018-05-28,128.0,Bestiary,0
2018-06-02,32.1607,Incursion,0
2018-06-03,47.0,Incursion,0
2018-06-04,60.0,Incursion,0
2018-06-05,64.0,Incursion,0
2018-06-06,69.0,Incursion,0
2018-06-07,77.0,Incursion,0
2018-06-08,81.0,Incursion,0
2018-06-09,84.80672,Incursion,0
2018-06-10,89.98935,Incursion,0
2018-06-11,100.923,Incursion,0
2018-06-12,112.0,Incursion,0
2018-06-13,113.26107,Incursion,0
2018-06-14,116.0,Incursion,0
2018-06-15,118.0,Incursion,0
2018-06-16,120.0,Incursion,0
2018-06-17,128.05549,Incursion,0
2018-06-18,135.54484,Incursion,0
2018-06-19,145.0,Incursion,0
2018-06-20,148.0,Incursion,0
2018-06-21,150.0,Incursion,0
2018-06-22,149.0,Incursion,0
2018-06-23,149.0,Incursion,0
2018-06-24,150.55715,Incursion,0
2018-06-25,154.6617,Incursion,0
2018-06-26,167.0546,Incursion,0
2018-06-27,180.0,Incursion,0
2018-06-28,136.62824,Incursion,0
2018-06-29,134.0,Incursion,0
2018-06-30,104.63543,Incursion,0
2018-07-01,108.0,Incursion,0
2018-07-02,117.0,Incursion,0
2018-07-03,107.0,Incursion,0
2018-07-04,99.5,Incursion,0
2018-07-05,94.24016,Incursion,0
2018-07-06,90.76184,Incursion,0
2018-07-07,86.0,Incursion,0
2018-07-08,83.0,Incursion,0
2018-07-09,81.5,Incursion,0
2018-07-10,81.0,Incursion,0
2018-07-11,80.0,Incursion,0
2018-07-12,78.5,Incursion,0
2018-07-13,76.0,Incursion,0
2018-07-14,74.0,Incursion,0
2018-07-15,70.0025,Incursion,0
2018-07-16,70.0,Incursion,0
2018-07-17,70.0,Incursion,0
2018-07-18,70.0,Incursion,0
2018-07-19,84.0,Incursion,0
2018-07-20,84.5025,Incursion,0
2018-07-21,76.0,Incursion,0
2018-07-22,73.0,Incursion,0
2018-07-23,73.0,Incursion,0
2018-07-24,72.08255,Incursion,0
2018-07-25,72.59754,Incursion,0
2018-07-26,72.8,Incursion,0
2018-07-27,73.0,Incursion,0
2018-07-28,73.0,Incursion,0
2018-07-29,73.0,Incursion,0
2018-07-30,72.51653,Incursion,0
2018-07-31,72.60006,Incursion,0
2018-08-01,72.70132,Incursion,0
2018-08-02,73.0,Incursion,0
2018-08-03,78.31122,Incursion,0
2018-08-04,85.0,Incursion,0
2018-08-05,82.0,Incursion,0
2018-08-06,80.0,Incursion,0
2018-08-07,80.0,Incursion,0
2018-08-08,80.67402,Incursion,0
2018-08-09,81.0,Incursion,0
2018-08-10,81.60002,Incursion,0
2018-08-11,84.0,Incursion,0
2018-08-12,83.0,Incursion,0
2018-08-13,83.0,Incursion,0
2018-08-14,83.0,Incursion,0
2018-08-15,83.0,Incursion,0
2018-08-16,85.0,Incursion,0
2018-08-17,87.0,Incursion,0
2018-08-18,90.0,Incursion,0
2018-08-19,89.15435,Incursion,0
2018-08-20,90.0,Incursion,0
2018-08-21,90.70116,Incursion,0
2018-08-22,91.65833,Incursion,0
2018-08-23,92.0,Incursion,0
2018-08-24,93.29748,Incursion,0
2018-08-25,95.0,Incursion,0
2018-08-26,98.0,Incursion,0
2018-08-27,99.0,Incursion,0
2018-08-28,96.83659,Incursion,0
2018-08-31,100.0,Delve,1
2018-09-01,41.66598,Delve,0
2018-09-02,58.46475,Delve,0
2018-09-03,71.0,Delve,0
2018-09-04,72.00016,Delve,0
2018-09-05,85.0015,Delve,0
2018-09-06,89.0,Delve,0
2018-09-07,90.0,Delve,0
2018-09-08,90.0,Delve,0
2018-09-09,89.0,Delve,0
2018-09-10,90.0,Delve,0
2018-09-11,97.74485,Delve,0
2018-09-12,106.69892,Delve,0
2018-09-13,105.0,Delve,0
2018-09-14,97.85473,Delve,0
2018-09-15,94.0,Delve,0
2018-09-16,94.0,Delve,0
2018-09-17,96.00462,Delve,0
2018-09-18,105.0,Delve,0
2018-09-19,106.22475,Delve,0
2018-09-20,108.0,Delve,0
2018-09-21,107.0,Delve,0
2018-09-22,106.06587,Delve,0
2018-09-23,105.0,Delve,0
2018-09-24,106.0,Delve,0
2018-09-25,111.19215,Delve,0
2018-09-26,114.0,Delve,0
2018-09-27,115.0,Delve,0
2018-09-28,115.0,Delve,0
2018-09-29,115.0,Delve,0
2018-09-30,112.0009,Delve,0
2018-10-01,113.0,Delve,0
2018-10-02,115.82731,Delve,0
2018-10-03,116.0,Delve,0
2018-10-04,117.0,Delve,0
2018-10-05,117.77486,Delve,0
2018-10-06,119.0,Delve,0
2018-10-07,121.0,Delve,0
2018-10-08,127.0,Delve,0
2018-10-09,131.0,Delve,0
2018-10-10,132.0,Delve,0
2018-10-11,132.0,Delve,0
2018-10-12,133.0,Delve,0
2018-10-13,135.28406,Delve,0
2018-10-14,141.0,Delve,0
2018-10-15,142.0,Delve,0
2018-10-16,142.0,Delve,0
2018-10-17,143.0,Delve,0
2018-10-18,140.92577,Delve,0
2018-10-19,127.0,Delve,0
2018-10-20,125.12393,Delve,0
2018-10-21,126.0,Delve,0
2018-10-22,130.0,Delve,0
2018-10-23,138.91935,Delve,0
2018-10-24,139.0,Delve,0
2018-10-25,139.0,Delve,0
2018-10-26,139.0,Delve,0
2018-10-27,140.0,Delve,0
2018-10-28,138.0,Delve,0
2018-10-29,139.0,Delve,0
2018-10-30,140.0,Delve,0
2018-10-31,141.0,Delve,0
2018-11-01,142.0,Delve,0
2018-11-02,143.0,Delve,0
2018-11-03,143.0,Delve,0
2018-11-04,142.0,Delve,0
2018-11-05,137.64525,Delve,0
2018-11-06,129.05118,Delve,0
2018-11-07,131.0,Delve,0
2018-11-08,130.0,Delve,0
2018-11-09,127.0,Delve,0
2018-11-10,122.79019,Delve,0
2018-11-11,122.0,Delve,0
2018-11-12,122.0,Delve,0
2018-11-13,121.0,Delve,0
2018-11-14,120.0,Delve,0
2018-11-15,120.0,Delve,0
2018-11-16,120.0,Delve,0
2018-11-17,120.0,Delve,0
2018-11-18,120.0,Delve,0
2018-11-19,120.0,Delve,0
2018-11-20,120.0,Delve,0
2018-11-21,120.0,Delve,0
2018-11-22,120.0,Delve,0
2018-11-23,120.0,Delve,0
2018-11-24,120.0,Delve,0
2018-11-25,120.0,Delve,0
2018-11-26,120.0,Delve,0
2018-11-27,120.0,Delve,0
2018-11-28,120.0,Delve,0
2018-11-29,120.0,Delve,0
2018-11-30,120.0,Delve,0
2018-12-01,120.0,Delve,0
2018-12-02,120.0,Delve,0
2018-12-03,120.96764,Delve,0
2018-12-07,19.34105,Betrayal,0
2018-12-08,41.0,Betrayal,0
2018-12-09,58.0,Betrayal,0
2018-12-10,72.0,Betrayal,0
2018-12-11,74.72035,Betrayal,0
2018-12-12,87.0,Betrayal,0
2018-12-13,93.15538,Betrayal,0
2018-12-14,97.0,Betrayal,0
2018-12-15,99.0,Betrayal,0
2018-12-16,97.0,Betrayal,0
2018-12-17,99.0,Betrayal,0
2018-12-18,110.0,Betrayal,0
2018-12-19,120.0,Betrayal,0
2018-12-20,124.97773,Betrayal,0
2018-12-21,131.5842,Betrayal,0
2018-12-22,135.0,Betrayal,0
2018-12-23,136.8647,Betrayal,0
2018-12-24,145.0,Betrayal,0
2018-12-25,154.0,Betrayal,0
2018-12-26,159.0,Betrayal,0
2018-12-27,140.0,Betrayal,0
2018-12-28,140.0,Betrayal,0
2018-12-29,144.0,Betrayal,0
2018-12-30,145.01562,Betrayal,0
2018-12-31,150.0,Betrayal,0
2019-01-01,155.0,Betrayal,0
2019-01-02,160.0,Betrayal,0
2019-01-03,163.08505,Betrayal,0
2019-01-04,163.0,Betrayal,0
2019-01-05,164.0,Betrayal,0
2019-01-06,165.0,Betrayal,0
2019-01-07,166.0,Betrayal,0
2019-01-08,170.0,Betrayal,0
2019-01-09,172.005,Betrayal,0
2019-01-10,173.0,Betrayal,0
2019-01-11,172.0,Betrayal,0
2019-01-12,170.0,Betrayal,0
2019-01-13,170.0,Betrayal,0
2019-01-14,171.0,Betrayal,0
2019-01-15,173.0,Betrayal,0
2019-01-16,175.0,Betrayal,0
2019-01-17,180.0,Betrayal,0
2019-01-18,183.4816,Betrayal,0
2019-01-19,190.0,Betrayal,0
2019-01-20,192.72587,Betrayal,0
2019-01-21,180.0,Betrayal,0
2019-01-22,175.0,Betrayal,0
2019-01-23,180.0,Betrayal,0
2019-01-24,185.0,Betrayal,0
2019-01-25,190.0,Betrayal,0
2019-01-26,192.27054,Betrayal,0
2019-01-27,193.06092,Betrayal,0
2019-01-28,193.57179,Betrayal,0
2019-01-29,195.0,Betrayal,0
2019-01-30,195.79593,Betrayal,0
2019-01-31,197.0,Betrayal,0
2019-02-01,196.0,Betrayal,0
2019-02-02,193.505,Betrayal,0
2019-02-03,190.0,Betrayal,0
2019-02-04,186.0,Betrayal,0
2019-02-05,175.0,Betrayal,0
2019-02-06,174.97848,Betrayal,0
2019-02-07,186.0,Betrayal,0
2019-02-08,188.0,Betrayal,0
2019-02-09,184.9433,Betrayal,0
2019-02-10,178.70589,Betrayal,0
2019-02-11,177.0,Betrayal,0
2019-02-12,175.0,Betrayal,0
2019-02-13,175.0,Betrayal,0
2019-02-14,174.0,Betrayal,0
2019-02-15,171.54701,Betrayal,0
2019-02-16,170.0,Betrayal,0
2019-02-17,166.0,Betrayal,0
2019-02-18,163.0,Betrayal,0
2019-02-19,158.9868,Betrayal,0
2019-02-20,154.0,Betrayal,0
2019-02-21,158.0,Betrayal,0
2019-02-22,159.0,Betrayal,0
2019-02-23,158.0,Betrayal,0
2019-02-24,157.0,Betrayal,0
2019-02-25,157.12519,Betrayal,0
2019-02-26,157.76603,Betrayal,0
2019-02-27,159.87462,Betrayal,0
2019-02-28,159.0,Betrayal,0
2019-03-01,160.0,Betrayal,0
2019-03-02,160.0,Betrayal,0
2019-03-03,159.31158,Betrayal,0
2019-03-04,160.0,Betrayal,0
2019-03-05,160.0,Betrayal,0
2019-03-09,51.0,Synthesis,0
2019-03-10,71.0,Synthesis,0
2019-03-11,87.60949,Synthesis,0
2019-03-12,86.36246,Synthesis,0
2019-03-13,93.0,Synthesis,0
2019-03-14,97.0,Synthesis,0
2019-03-15,91.5303,Synthesis,0
2019-03-16,86.39664,Synthesis,0
2019-03-17,87.0,Synthesis,0
2019-03-18,91.5,Synthesis,0
2019-03-19,92.0,Synthesis,0
2019-03-20,92.0,Synthesis,0
2019-03-21,94.08291,Synthesis,0
2019-03-22,97.0,Synthesis,0
2019-03-23,105.7214,Synthesis,0
2019-03-24,111.49106,Synthesis,0
2019-03-25,122.92203,Synthesis,0
2019-03-26,141.41621,Synthesis,0
2019-03-27,151.0,Synthesis,0
2019-03-28,133.0,Synthesis,0
2019-03-29,132.0,Synthesis,0
2019-03-30,131.0,Synthesis,0
2019-03-31,129.19439,Synthesis,0
2019-04-01,131.0,Synthesis,0
2019-04-02,142.0,Synthesis,0
2019-04-03,147.0,Synthesis,0
2019-04-04,145.0,Synthesis,0
2019-04-05,135.1414,Synthesis,0
2019-04-06,130.0,Synthesis,0
2019-04-07,126.505,Synthesis,0
2019-04-08,122.0,Synthesis,0
2019-04-09,121.0,Synthesis,0
2019-04-10,120.0,Synthesis,0
2019-04-11,114.0,Synthesis,0
2019-04-12,114.0,Synthesis,0
2019-04-13,116.0,Synthesis,0
2019-04-14,121.0,Synthesis,0
2019-04-15,127.0,Synthesis,0
2019-04-16,131.0,Synthesis,0
2019-04-17,132.0,Synthesis,0
2019-04-18,133.87401,Synthesis,0
2019-04-19,136.0,Synthesis,0
2019-04-20,145.0,Synthesis,0
2019-04-21,146.0,Synthesis,0
2019-04-22,155.0,Synthesis,0
2019-04-23,158.96076,Synthesis,0
2019-04-24,167.00658,Synthesis,0
2019-04-25,175.0,Synthesis,0
2019-04-26,177.80448,Synthesis,0
2019-04-27,160.0,Synthesis,0
2019-04-28,161.42667,Synthesis,0
2019-04-29,172.99429,Synthesis,0
2019-04-30,174.0,Synthesis,0
2019-05-01,168.0,Synthesis,0
2019-05-02,165.0,Synthesis,0
2019-05-03,155.0,Synthesis,0
2019-05-04,149.75903,Synthesis,0
2019-05-05,144.0,Synthesis,0
2019-05-06,149.42816,Synthesis,0
2019-05-07,150.0,Synthesis,0
2019-05-08,150.0,Synthesis,0
2019-05-09,150.0,Synthesis,0
2019-05-10,153.0,Synthesis,0
2019-05-11,154.0,Synthesis,0
2019-05-12,154.0,Synthesis,0
2019-05-13,149.0,Synthesis,0
2019-05-14,149.0,Synthesis,0
2019-05-15,149.0,Synthesis,0
2019-05-16,148.0,Synthesis,0
2019-05-17,148.0,Synthesis,0
2019-05-18,147.0,Synthesis,0
2019-05-19,147.0,Synthesis,0
2019-05-20,148.0,Synthesis,0
2019-05-21,151.24844,Synthesis,0
2019-05-22,153.0,Synthesis,0
2019-05-23,154.0,Synthesis,0
2019-05-24,155.0,Synthesis,0
2019-05-25,155.0,Synthesis,0
2019-05-26,156.28591,Synthesis,0
2019-05-27,157.00103,Synthesis,0
2019-05-28,159.17994,Synthesis,0
2019-05-29,149.0,Synthesis,0
2019-05-30,145.47,Synthesis,0
2019-05-31,143.0,Synthesis,0
2019-06-01,142.0,Synthesis,0
2019-06-02,139.0,Synthesis,0
2019-06-03,140.0,Synthesis,0
2019-06-04,142.12762,Synthesis,0
2019-06-07,32.55521,Legion,1
2019-06-08,57.0,Legion,0
2019-06-09,69.0,Legion,0
2019-06-10,83.0,Legion,0
2019-06-11,89.0,Legion,0
2019-06-12,94.0,Legion,0
2019-06-13,107.27713,Legion,0
2019-06-14,115.0,Legion,0
2019-06-15,114.0,Legion,0
2019-06-16,120.0,Legion,0
2019-06-17,122.12419,Legion,0
2019-06-18,121.0,Legion,0
2019-06-19,121.36334,Legion,0
2019-06-20,121.0,Legion,0
2019-06-21,122.0,Legion,0
2019-06-22,122.56474,Legion,0
2019-06-23,130.0,Legion,0
2019-06-24,140.41129,Legion,0
2019-06-25,154.0,Legion,0
2019-06-26,155.0,Legion,0
2019-06-27,158.0,Legion,0
2019-06-28,157.0,Legion,0
2019-06-29,155.7087,Legion,0
2019-06-30,154.0,Legion,0
2019-07-01,154.0,Legion,0
2019-07-02,156.0,Legion,0
2019-07-03,158.28067,Legion,0
2019-07-04,162.0,Legion,0
2019-07-05,166.0,Legion,0
2019-07-06,169.17238,Legion,0
2019-07-07,171.8274,Legion,0
2019-07-08,173.0,Legion,0
2019-07-09,173.0,Legion,0
2019-07-10,170.0,Legion,0
2019-07-11,170.0,Legion,0
2019-07-12,171.0,Legion,0
2019-07-13,170.0,Legion,0
2019-07-14,170.0,Legion,0
2019-07-15,169.0,Legion,0
2019-07-16,170.0,Legion,0
2019-07-17,170.0,Legion,0
2019-07-18,170.0,Legion,0
2019-07-19,170.0,Legion,0
2019-07-20,170.0,Legion,0
2019-07-21,170.66667,Legion,0
2019-07-22,171.32411,Legion,0
2019-07-23,172.0,Legion,0
2019-07-24,173.0,Legion,0
2019-07-25,174.0,Legion,0
2019-07-26,173.39418,Legion,0
2019-07-27,173.55883,Legion,0
2019-07-28,174.0,Legion,0
2019-07-29,175.0,Legion,0
2019-07-30,176.95891,Legion,0
2019-07-31,178.53117,Legion,0
2019-08-01,180.0,Legion,0
2019-08-02,181.0,Legion,0
2019-08-03,182.0,Legion,0
2019-08-04,183.0,Legion,0
2019-08-05,184.5,Legion,0
2019-08-06,185.00125,Legion,0
2019-08-07,184.44889,Legion,0
2019-08-08,179.0,Legion,0
2019-08-09,177.0,Legion,0
2019-08-10,174.0,Legion,0
2019-08-11,169.66667,Legion,0
2019-08-12,165.0,Legion,0
2019-08-13,156.66667,Legion,0
2019-08-14,150.0,Legion,0
2019-08-15,148.0,Legion,0
2019-08-16,145.0,Legion,0
2019-08-17,141.0,Legion,0
2019-08-18,139.0,Legion,0
2019-08-19,137.75,Legion,0
2019-08-20,136.1207,Legion,0
2019-08-21,136.66701,Legion,0
2019-08-22,137.0,Legion,0
2019-08-23,137.0,Legion,0
2019-08-24,139.0,Legion,0
2019-08-25,142.0,Legion,0
2019-08-26,142.0,Legion,0
2019-08-27,141.75,Legion,0
2019-08-28,141.57249,Legion,0
2019-08-29,141.68809,Legion,0
2019-08-30,143.0,Legion,0
2019-08-31,150.52425,Legion,0
2019-09-01,159.7991,Legion,0
2019-09-02,160.0,Legion,0
2019-09-06,30.5051,Blight,2
2019-09-07,54.07918,Blight,0
2019-09-08,72.0,Blight,0
2019-09-09,99.4929,Blight,0
2019-09-10,102.0,Blight,0
2019-09-11,110.0,Blight,0
2019-09-12,144.00083,Blight,0
2019-09-13,156.03367,Blight,0
2019-09-14,156.00109,Blight,0
2019-09-15,150.12122,Blight,0
2019-09-16,150.0,Blight,0
2019-09-17,155.0,Blight,0
2019-09-18,165.0,Blight,0
2019-09-19,168.68918,Blight,0
2019-09-20,170.0,Blight,0
2019-09-21,174.0,Blight,0
2019-09-22,175.0,Blight,0
2019-09-23,182.3494,Blight,0
2019-09-24,186.0,Blight,0
2019-09-25,185.0,Blight,0
2019-09-26,185.70397,Blight,0
2019-09-27,188.0,Blight,0
2019-09-28,189.0,Blight,0
2019-09-29,189.56603,Blight,0
2019-09-30,190.39423,Blight,0
2019-10-01,195.0,Blight,0
2019-10-02,194.0,Blight,0
2019-10-03,194.0,Blight,0
2019-10-04,195.70731,Blight,0
2019-10-05,195.0,Blight,0
2019-10-06,194.0,Blight,0
2019-10-07,195.0,Blight,0
2019-10-08,196.0,Blight,0
2019-10-09,196.0,Blight,0
2019-10-10,196.64933,Blight,0
2019-10-11,197.0,Blight,0
2019-10-12,200.0,Blight,0
2019-10-13,202.02558,Blight,0
2019-10-14,205.0,Blight,0
2019-10-15,205.0,Blight,0
2019-10-16,205.0,Blight,0
2019-10-17,202.0,Blight,0
2019-10-18,200.0,Blight,0
2019-10-19,193.0,Blight,0
2019-10-20,190.0,Blight,0
2019-10-21,185.0,Blight,0
2019-10-22,172.0,Blight,0
2019-10-23,174.0,Blight,0
2019-10-24,176.60774,Blight,0
2019-10-25,175.0,Blight,0
2019-10-26,176.62693,Blight,0
2019-10-27,178.0,Blight,0
2019-10-28,178.0,Blight,0
2019-10-29,181.98985,Blight,0
2019-10-30,181.0,Blight,0
2019-10-31,178.0,Blight,0
2019-11-01,178.0,Blight,0
2019-11-02,180.0,Blight,0
2019-11-03,181.0,Blight,0
2019-11-04,180.70794,Blight,0
2019-11-05,179.0,Blight,0
2019-11-06,173.00105,Blight,0
2019-11-07,167.0,Blight,0
2019-11-08,165.0,Blight,0
2019-11-09,164.0,Blight,0
2019-11-10,158.0,Blight,0
2019-11-11,157.0,Blight,0
2019-11-12,157.0,Blight,0
2019-11-13,159.0,Blight,0
2019-11-14,159.0,Blight,0
2019-11-15,159.93458,Blight,0
2019-11-16,159.17877,Blight,0
2019-11-17,159.0,Blight,0
2019-11-18,160.0,Blight,0
2019-11-19,164.0,Blight,0
2019-11-20,164.0,Blight,0
2019-11-21,163.0,Blight,0
2019-11-22,162.41934,Blight,0
2019-11-23,160.0,Blight,0
2019-11-24,160.0,Blight,0
2019-11-25,159.63829,Blight,0
2019-11-26,159.88619,Blight,0
2019-11-27,160.0,Blight,0
2019-11-28,159.0,Blight,0
2019-11-29,157.0,Blight,0
2019-11-30,155.0,Blight,0
2019-12-01,153.11825,Blight,0
2019-12-02,152.0,Blight,0
2019-12-03,150.07642,Blight,0
2019-12-04,150.0,Blight,0
2019-12-05,150.0,Blight,0
2019-12-06,150.0,Blight,0
2019-12-07,150.0,Blight,0
2019-12-08,152.0,Blight,0
2019-12-09,161.02788,Blight,0
2019-12-13,28.47274,Metamorph,2
2019-12-14,55.83333,Metamorph,0
2019-12-15,77.90908,Metamorph,0
2019-12-16,97.0,Metamorph,0
2019-12-17,95.9104,Metamorph,0
2019-12-18,96.0,Metamorph,0
2019-12-19,102.88244,Metamorph,0
2019-12-20,107.0,Metamorph,0
2019-12-21,106.0,Metamorph,0
2019-12-22,108.0,Metamorph,0
2019-12-23,115.66108,Metamorph,0
2019-12-24,117.0,Metamorph,0
2019-12-25,119.0,Metamorph,0
2019-12-26,129.0,Metamorph,0
2019-12-27,146.0,Metamorph,0
2019-12-28,147.94237,Metamorph,0
2019-12-29,141.0,Metamorph,0
2019-12-30,138.0,Metamorph,0
2019-12-31,135.0,Metamorph,0
2020-01-01,132.82046,Metamorph,0
2020-01-02,130.0,Metamorph,0
2020-01-03,129.0,Metamorph,0
2020-01-04,128.89399,Metamorph,0
2020-01-05,124.0,Metamorph,0
2020-01-06,119.0,Metamorph,0
2020-01-07,117.0,Metamorph,0
2020-01-08,110.0,Metamorph,0
2020-01-09,111.0,Metamorph,0
2020-01-10,112.0,Metamorph,0
2020-01-11,113.0,Metamorph,0
2020-01-12,116.0025,Metamorph,0
2020-01-13,123.0,Metamorph,0
2020-01-14,137.50045,Metamorph,0
2020-01-15,136.00125,Metamorph,0
2020-01-16,137.0,Metamorph,0
2020-01-17,137.0,Metamorph,0
2020-01-18,137.0,Metamorph,0
2020-01-19,138.0,Metamorph,0
2020-01-20,141.0,Metamorph,0
2020-01-21,149.5,Metamorph,0
2020-01-22,159.08979,Metamorph,0
2020-01-23,166.7976,Metamorph,0
2020-01-24,157.0,Metamorph,0
2020-01-25,150.0,Metamorph,0
2020-01-26,151.33337,Metamorph,0
2020-01-27,156.0,Metamorph,0
2020-01-28,162.0,Metamorph,0
2020-01-29,163.63302,Metamorph,0
2020-01-30,168.0,Metamorph,0
2020-01-31,173.0,Metamorph,0
2020-02-01,175.0,Metamorph,0
2020-02-02,175.00073,Metamorph,0
2020-02-03,180.0,Metamorph,0
2020-02-04,190.0,Metamorph,0
2020-02-05,183.47148,Metamorph,0
2020-02-06,180.35292,Metamorph,0
2020-02-07,185.68707,Metamorph,0
2020-02-08,185.0,Metamorph,0
2020-02-09,186.0,Metamorph,0
2020-02-10,188.0,Metamorph,0
2020-02-11,194.55796,Metamorph,0
2020-02-12,194.0,Metamorph,0
2020-02-13,187.0,Metamorph,0
2020-02-14,178.41743,Metamorph,0
2020-02-15,173.0,Metamorph,0
2020-02-16,170.1662,Metamorph,0
2020-02-17,167.18741,Metamorph,0
2020-02-18,168.0,Metamorph,0
2020-02-19,169.00194,Metamorph,0
2020-02-20,174.0,Metamorph,0
2020-02-21,175.0,Metamorph,0
2020-02-22,176.0,Metamorph,0
2020-02-23,176.48705,Metamorph,0
2020-02-24,177.97134,Metamorph,0
2020-02-25,178.48161,Metamorph,0
2020-02-26,177.70138,Metamorph,0
2020-02-27,177.96105,Metamorph,0
2020-02-28,178.42141,Metamorph,0
2020-02-29,180.0,Metamorph,0
2020-03-01,182.20212,Metamorph,0
2020-03-02,184.0,Metamorph,0
2020-03-03,185.9863,Metamorph,0
2020-03-04,190.0,Metamorph,0
2020-03-05,191.0,Metamorph,0
2020-03-06,192.25217,Metamorph,0
2020-03-07,193.5,Metamorph,0
2020-03-08,194.26189,Metamorph,0
2020-03-09,195.0,Metamorph,0
2020-03-13,23.57778,Delirium,2
2020-03-14,63.0,Delirium,0
2020-03-15,81.0,Delirium,0
2020-03-16,103.0,Delirium,0
2020-03-17,97.00976,Delirium,0
2020-03-18,94.0,Delirium,0
2020-03-19,101.0,Delirium,0
2020-03-20,108.0,Delirium,0
2020-03-21,119.87625,Delirium,0
2020-03-22,138.00234,Delirium,0
2020-03-23,134.51956,Delirium,0
2020-03-24,126.00096,Delirium,0
2020-03-25,127.0,Delirium,0
2020-03-26,126.0,Delirium,0
2020-03-27,120.0,Delirium,0
2020-03-28,116.0,Delirium,0
2020-03-29,116.0,Delirium,0
2020-03-30,115.0,Delirium,0
2020-03-31,127.0,Delirium,0
2020-04-01,146.0,Delirium,0
2020-04-02,145.0,Delirium,0
2020-04-03,143.8515,Delirium,0
2020-04-04,146.0,Delirium,0
2020-04-05,132.2222,Delirium,0
2020-04-06,131.90403,Delirium,0
2020-04-07,133.0,Delirium,0
2020-04-08,135.0,Delirium,0
2020-04-09,136.0,Delirium,0
2020-04-15,135.005,Delirium,0
2020-04-16,144.0,Delirium,0
2020-04-17,145.0,Delirium,0
2020-04-18,145.0,Delirium,0
2020-04-19,145.0,Delirium,0
2020-04-20,145.74249,Delirium,0
2020-04-21,154.0,Delirium,0
2020-04-22,159.19895,Delirium,0
2020-04-23,160.0,Delirium,0
2020-04-24,165.0,Delirium,0
2020-04-25,175.22376,Delirium,0
2020-04-26,180.0,Delirium,0
2020-04-27,182.67687,Delirium,0
2020-04-28,186.00012,Delirium,0
2020-04-29,185.0,Delirium,0
2020-04-30,172.0,Delirium,0
2020-05-01,169.0,Delirium,0
2020-05-02,170.0,Delirium,0
2020-05-03,173.46267,Delirium,0
2020-05-04,176.0,Delirium,0
2020-05-05,179.0,Delirium,0
2020-05-06,185.0,Delirium,0
2020-05-07,185.79052,Delirium,0
2020-05-08,185.0,Delirium,0
2020-05-09,184.0,Delirium,0
2020-05-10,183.0,Delirium,0
2020-05-11,184.0,Delirium,0
2020-05-12,183.47824,Delirium,0
2020-05-13,183.21526,Delirium,0
2020-05-14,180.7367,Delirium,0
2020-05-15,178.0,Delirium,0
2020-05-16,175.0,Delirium,0
2020-05-17,175.0,Delirium,0
2020-05-18,174.06886,Delirium,0
2020-05-19,170.0,Delirium,0
2020-05-20,166.0,Delirium,0
2020-05-21,165.0,Delirium,0
2020-05-22,161.0,Delirium,0
2020-05-23,160.0,Delirium,0
2020-05-24,153.0101,Delirium,0
2020-05-25,147.0,Delirium,0
2020-05-26,145.0,Delirium,0
2020-05-27,144.0,Delirium,0
2020-05-28,140.72766,Delirium,0
2020-05-29,137.0,Delirium,0
2020-05-30,134.70818,Delirium,0
2020-05-31,133.0,Delirium,0
2020-06-01,130.0,Delirium,0
2020-06-02,127.0,Delirium,0
2020-06-03,130.0,Delirium,0
2020-06-04,141.84624,Delirium,0
2020-06-05,145.91796,Delirium,0
2020-06-06,143.0,Delirium,0
2020-06-07,141.0,Delirium,0
2020-06-08,139.66938,Delirium,0
2020-06-09,136.01288,Delirium,0
2020-06-10,137.0,Delirium,0
2020-06-11,138.0,Delirium,0
2020-06-12,138.0,Delirium,0
2020-06-13,140.00028,Delirium,0
2020-06-14,144.35077,Delirium,0
2020-06-15,150.0,Delirium,0
2020-06-19,24.37823,Harvest,1
2020-06-20,55.0,Harvest,0
2020-06-21,77.0,Harvest,0
2020-06-22,114.0,Harvest,0
2020-06-23,134.0,Harvest,0
2020-06-24,149.0,Harvest,0
2020-06-25,169.00102,Harvest,0
2020-06-26,186.005,Harvest,0
2020-06-27,190.0,Harvest,0
2020-06-28,176.505,Harvest,0
2020-06-29,186.36462,Harvest,0
2020-06-30,195.0,Harvest,0
2020-07-01,198.0,Harvest,0
2020-07-02,200.0,Harvest,0
2020-07-03,176.505,Harvest,0
2020-07-04,178.0,Harvest,0
2020-07-05,181.38717,Harvest,0
2020-07-06,178.505,Harvest,0
2020-07-07,174.0,Harvest,0
2020-07-08,165.0,Harvest,0
2020-07-09,162.0,Harvest,0
2020-07-10,159.0,Harvest,0
2020-07-11,149.005,Harvest,0
2020-07-12,155.0,Harvest,0
2020-07-13,173.0,Harvest,0
2020-07-14,173.0,Harvest,0
2020-07-15,169.0,Harvest,0
2020-07-16,165.0,Harvest,0
2020-07-17,152.0,Harvest,0
2020-07-18,151.03544,Harvest,0
2020-07-19,147.0,Harvest,0
2020-07-20,143.505,Harvest,0
2020-07-21,139.83417,Harvest,0
2020-07-22,137.0,Harvest,0
2020-07-23,134.0,Harvest,0
2020-07-24,128.0,Harvest,0
2020-07-25,129.0,Harvest,0
2020-07-26,141.34173,Harvest,0
2020-07-27,143.87242,Harvest,0
2020-07-28,148.0,Harvest,0
2020-07-29,143.9109,Harvest,0
2020-07-30,138.0,Harvest,0
2020-07-31,139.92328,Harvest,0
2020-08-01,148.0,Harvest,0
2020-08-02,156.17347,Harvest,0
2020-08-03,156.5143,Harvest,0
2020-08-04,153.24524,Harvest,0
2020-08-05,154.0,Harvest,0
2020-08-06,155.35851,Harvest,0
2020-08-07,157.00167,Harvest,0
2020-08-08,160.0,Harvest,0
2020-08-09,168.0,Harvest,0
2020-08-10,166.0,Harvest,0
2020-08-11,161.08186,Harvest,0
2020-08-12,162.0,Harvest,0
2020-08-13,160.0,Harvest,0
2020-08-14,159.0,Harvest,0
2020-08-15,161.0,Harvest,0
2020-08-16,162.0,Harvest,0
2020-08-17,161.0,Harvest,0
2020-08-18,160.0,Harvest,0
2020-08-19,155.0,Harvest,0
2020-08-20,155.0,Harvest,0
2020-08-21,154.0,Harvest,0
2020-08-22,152.0,Harvest,0
2020-08-23,152.0,Harvest,0
2020-08-24,152.0,Harvest,0
2020-08-25,152.0,Harvest,0
2020-08-26,151.91045,Harvest,0
2020-08-27,151.94004,Harvest,0
2020-08-28,151.03741,Harvest,0
2020-08-29,151.0,Harvest,0
2020-08-30,151.0,Harvest,0
2020-08-31,149.0,Harvest,0
2020-09-01,148.73792,Harvest,0
2020-09-02,145.0,Harvest,0
2020-09-03,143.89359,Harvest,0
2020-09-04,144.0,Harvest,0
2020-09-05,141.0,Harvest,0
2020-09-06,138.0,Harvest,0
2020-09-07,134.38892,Harvest,0
2020-09-08,131.00046,Harvest,0
2020-09-09,130.0,Harvest,0
2020-09-10,130.0,Harvest,0
2020-09-11,129.42766,Harvest,0
2020-09-12,130.0,Harvest,0
2020-09-13,131.33126,Harvest,0
2020-09-14,140.0,Harvest,0
2020-09-18,18.01531,Heist,1
2020-09-19,70.0,Heist,0
2020-09-20,82.53189,Heist,0
2020-09-21,92.00415,Heist,0
2020-09-22,91.0,Heist,0
2020-09-23,89.0,Heist,0
2020-09-24,88.97125,Heist,0
2020-09-25,86.0,Heist,0
2020-09-26,81.0,Heist,0
2020-09-27,77.0,Heist,0
2020-09-28,85.0,Heist,0
2020-09-29,82.20537,Heist,0
2020-09-30,78.86381,Heist,0
2020-10-01,74.0,Heist,0
2020-10-02,70.0,Heist,0
2020-10-03,64.87829,Heist,0
2020-10-04,59.99598,Heist,0
2020-10-05,68.0,Heist,0
2020-10-06,63.0,Heist,0
2020-10-07,63.79165,Heist,0
2020-10-08,66.0,Heist,0
2020-10-09,65.0,Heist,0
2020-10-10,62.0,Heist,0
2020-10-11,61.0,Heist,0
2020-10-12,61.0,Heist,0
2020-10-13,62.0,Heist,0
2020-10-14,61.0,Heist,0
2020-10-15,61.97787,Heist,0
2020-10-16,61.98212,Heist,0
2020-10-17,61.00004,Heist,0
2020-10-18,60.0,Heist,0
2020-10-19,58.34631,Heist,0
2020-10-20,50.0,Heist,0
2020-10-21,39.13621,Heist,0
2020-10-22,32.60041,Heist,0
2020-10-23,24.26067,Heist,0
2020-10-24,36.0011,Heist,0
2020-10-25,37.0,Heist,0
2020-10-26,38.9687,Heist,0
2020-10-27,49.505,Heist,0
2020-10-28,55.0,Heist,0
2020-10-29,63.00125,Heist,0
2020-10-30,76.20311,Heist,0
2020-10-31,67.0,Heist,0
2020-11-01,69.0,Heist,0
2020-11-02,72.0,Heist,0
2020-11-03,76.0,Heist,0
2020-11-04,80.85714,Heist,0
2020-11-05,82.85714,Heist,0
2020-11-06,87.72158,Heist,0
2020-11-07,91.95163,Heist,0
2020-11-08,92.0,Heist,0
2020-11-09,90.00171,Heist,0
2020-11-10,83.08116,Heist,0
2020-11-11,83.91292,Heist,0
2020-11-12,86.0,Heist,0
2020-11-13,86.0,Heist,0
2020-11-14,87.0,Heist,0
2020-11-15,87.0,Heist,0
2020-11-16,87.0,Heist,0
2020-11-17,87.921,Heist,0
2020-11-18,87.97167,Heist,0
2020-11-19,89.0,Heist,0
2020-11-20,89.0,Heist,0
2020-11-21,90.0,Heist,0
2020-11-22,89.33352,Heist,0
2020-11-23,90.0,Heist,0
2020-11-24,90.0,Heist,0
2020-11-25,92.12102,Heist,0
2020-11-26,92.0,Heist,0
2020-11-27,92.0,Heist,0
2020-11-28,93.0,Heist,0
2020-11-29,93.0,Heist,0
2020-11-30,93.0,Heist,0
2020-12-01,93.0,Heist,0
2020-12-02,94.0,Heist,0
2020-12-03,94.0,Heist,0
2020-12-04,96.0,Heist,0
2020-12-05,97.0,Heist,0
2020-12-06,97.70346,Heist,0
2020-12-07,98.0,Heist,0
2020-12-08,99.0,Heist,0
2020-12-09,101.0,Heist,0
2020-12-10,102.62633,Heist,0
2020-12-11,105.0,Heist,0
2020-12-12,105.0,Heist,0
2020-12-13,105.0,Heist,0
2020-12-14,106.0,Heist,0
2020-12-15,107.0,Heist,0
2020-12-16,107.0,Heist,0
2020-12-17,108.15172,Heist,0
2020-12-18,110.0,Heist,0
2020-12-19,109.65946,Heist,0
2020-12-20,109.8728,Heist,0
2020-12-21,109.42743,Heist,0
2020-12-22,109.0,Heist,0
2020-12-23,109.0,Heist,0
2020-12-24,109.77912,Heist,0
2020-12-25,110.0,Heist,0
2020-12-26,109.98408,Heist,0
2020-12-27,110.0,Heist,0
2020-12-28,110.0,Heist,0
2020-12-29,110.0,Heist,0
2020-12-30,109.57164,Heist,0
2020-12-31,110.0,Heist,0
2021-01-01,109.97833,Heist,0
2021-01-02,110.0,Heist,0
2021-01-03,110.0,Heist,0
2021-01-04,110.0,Heist,0
2021-01-05,110.0,Heist,0
2021-01-06,110.0,Heist,0
2021-01-07,110.0,Heist,0
2021-01-08,110.0,Heist,0
2021-01-09,110.0,Heist,0
2021-01-10,111.79658,Heist,0
2021-01-11,112.0,Heist,0
2021-01-15,21.0,Ritual,0
2021-01-16,62.0,Ritual,0
2021-01-17,73.0,Ritual,0
2021-01-18,92.0,Ritual,0
2021-01-19,80.62446,Ritual,0
2021-01-20,78.0,Ritual,0
2021-01-21,80.0,Ritual,0
2021-01-22,82.0,Ritual,0
2021-01-23,82.0,Ritual,0
2021-01-24,81.0,Ritual,0
2021-01-25,81.0,Ritual,0
2021-01-26,81.0,Ritual,0
2021-01-27,81.0,Ritual,0
2021-01-28,82.0,Ritual,0
2021-01-29,81.0,Ritual,0
2021-01-30,80.0007,Ritual,0
2021-01-31,80.9679,Ritual,0
2021-02-01,82.85714,Ritual,0
2021-02-02,85.72751,Ritual,0
2021-02-03,96.0,Ritual,0
2021-02-04,99.12831,Ritual,0
2021-02-05,99.77653,Ritual,0
2021-02-06,99.9264,Ritual,0
2021-02-07,94.0,Ritual,0
2021-02-08,92.67077,Ritual,0
2021-02-09,94.74043,Ritual,0
2021-02-10,99.0,Ritual,0
2021-02-11,100.0,Ritual,0
2021-02-12,100.0,Ritual,0
2021-02-13,99.5,Ritual,0
2021-02-14,100.0,Ritual,0
2021-02-15,100.0,Ritual,0
2021-02-16,100.0,Ritual,0
2021-02-17,100.0,Ritual,0
2021-02-18,100.0,Ritual,0
2021-02-19,100.0,Ritual,0
2021-02-20,100.0,Ritual,0
2021-02-21,100.0,Ritual,0
2021-02-22,100.0,Ritual,0
2021-02-23,100.0,Ritual,0
2021-02-24,100.07585,Ritual,0
2021-02-25,100.36515,Ritual,0
2021-02-26,100.59625,Ritual,0
2021-02-27,100.6339,Ritual,0
2021-02-28,101.0,Ritual,0
2021-03-01,100.80312,Ritual,0
2021-03-02,100.5,Ritual,0
2021-03-03,101.0,Ritual,0
2021-03-04,101.0,Ritual,0
2021-03-05,101.0,Ritual,0
2021-03-06,101.0,Ritual,0
2021-03-07,100.93824,Ritual,0
2021-03-08,101.0,Ritual,0
2021-03-09,101.0,Ritual,0
2021-03-10,101.0,Ritual,0
2021-03-11,101.0,Ritual,0
2021-03-12,101.0,Ritual,0
2021-03-13,101.5,Ritual,0
2021-03-14,101.60858,Ritual,0
2021-03-15,102.0,Ritual,0
2021-03-16,102.0,Ritual,0
2021-03-17,102.0,Ritual,0
2021-03-18,101.88029,Ritual,0
2021-03-19,101.6501,Ritual,0
2021-03-20,101.979,Ritual,0
2021-03-21,101.0,Ritual,0
2021-03-22,101.0,Ritual,0
2021-03-23,101.5,Ritual,0
2021-03-24,102.0,Ritual,0
2021-03-25,102.0,Ritual,0
2021-03-26,102.0,Ritual,0
2021-03-27,102.0,Ritual,0
2021-03-28,102.0,Ritual,0
2021-03-29,102.0,Ritual,0
2021-03-30,102.0,Ritual,0
2021-03-31,102.0,Ritual,0
2021-04-01,102.0,Ritual,0
2021-04-02,102.0,Ritual,0
2021-04-03,102.0,Ritual,0
2021-04-04,102.44177,Ritual,0
2021-04-05,102.60006,Ritual,0
2021-04-06,102.0,Ritual,0
2021-04-07,103.0,Ritual,0
2021-04-08,103.0,Ritual,0
2021-04-09,103.49202,Ritual,0
2021-04-10,105.0,Ritual,0
2021-04-11,105.0204,Ritual,0
2021-04-12,105.0,Ritual,0
2021-04-17,65.0,Ultimatum,0
2021-04-18,84.0,Ultimatum,0
2021-04-19,98.55796,Ultimatum,0
2021-04-20,100.44337,Ultimatum,0
2021-04-21,109.10718,Ultimatum,0
2021-04-22,130.0,Ultimatum,0
2021-04-23,131.0,Ultimatum,0
2021-04-24,135.0,Ultimatum,0
2021-04-25,146.0,Ultimatum,0
2021-04-26,161.42504,Ultimatum,0
2021-04-27,166.0,Ultimatum,0
2021-04-28,150.81505,Ultimatum,0
2021-04-29,137.00047,Ultimatum,0
2021-04-30,146.8957,Ultimatum,0
2021-05-01,146.94591,Ultimatum,0
2021-05-02,147.65372,Ultimatum,0
2021-05-03,148.50201,Ultimatum,0
2021-05-04,150.0,Ultimatum,0
2021-05-05,152.0,Ultimatum,0
2021-05-06,153.35174,Ultimatum,0
2021-05-07,154.0,Ultimatum,0
2021-05-08,153.50838,Ultimatum,0
2021-05-09,152.78621,Ultimatum,0
2021-05-10,152.0,Ultimatum,0
2021-05-11,152.0,Ultimatum,0
2021-05-12,152.0,Ultimatum,0
2021-05-13,151.93997,Ultimatum,0
2021-05-14,151.42617,Ultimatum,0
2021-05-15,151.0,Ultimatum,0
2021-05-16,150.0,Ultimatum,0
2021-05-17,150.0,Ultimatum,0
2021-05-18,150.0,Ultimatum,0
2021-05-19,149.86072,Ultimatum,0
2021-05-20,149.73337,Ultimatum,0
2021-05-21,149.0,Ultimatum,0
2021-05-22,148.88756,Ultimatum,0
2021-05-23,147.98687,Ultimatum,0
2021-05-24,146.0,Ultimatum,0
2021-05-25,143.60036,Ultimatum,0
2021-05-26,139.94747,Ultimatum,0
2021-05-27,130.65797,Ultimatum,0
2021-05-28,126.74782,Ultimatum,0
2021-05-29,122.78643,Ultimatum,0
2021-05-30,110.99171,Ultimatum,0
2021-05-31,110.0,Ultimatum,0
2021-06-01,111.32111,Ultimatum,0
2021-06-02,112.19268,Ultimatum,0
2021-06-03,114.79263,Ultimatum,0
2021-06-04,116.0,Ultimatum,0
2021-06-05,117.0201,Ultimatum,0
2021-06-06,117.19302,Ultimatum,0
2021-06-07,118.0,Ultimatum,0
2021-06-08,118.89479,Ultimatum,0
2021-06-09,119.94738,Ultimatum,0
2021-06-10,120.0,Ultimatum,0
2021-06-11,120.0,Ultimatum,0
2021-06-12,120.64908,Ultimatum,0
2021-06-13,120.0,Ultimatum,0
2021-06-14,120.26475,Ultimatum,0
2021-06-15,120.51396,Ultimatum,0
2021-06-16,120.23082,Ultimatum,0
2021-06-17,120.0,Ultimatum,0
2021-06-18,120.0,Ultimatum,0
2021-06-19,120.0,Ultimatum,0
2021-06-20,120.0,Ultimatum,0
2021-06-21,120.0,Ultimatum,0
2021-06-22,120.0,Ultimatum,0
2021-06-23,120.0,Ultimatum,0
2021-06-24,120.0,Ultimatum,0
2021-06-25,120.0,Ultimatum,0
2021-06-26,120.0,Ultimatum,0
2021-06-27,120.0,Ultimatum,0
2021-06-28,120.0,Ultimatum,0
2021-06-29,120.0,Ultimatum,0
2021-06-30,120.0,Ultimatum,0
2021-07-01,119.98498,Ultimatum,0
2021-07-02,120.0,Ultimatum,0
2021-07-03,119.9925,Ultimatum,0
2021-07-04,119.0,Ultimatum,0
2021-07-05,118.0,Ultimatum,0
2021-07-06,115.0,Ultimatum,0
2021-07-07,109.81077,Ultimatum,0
2021-07-08,109.0,Ultimatum,0
2021-07-09,107.90001,Ultimatum,0
2021-07-10,107.0,Ultimatum,0
2021-07-11,106.17561,Ultimatum,0
2021-07-12,105.98087,Ultimatum,0
2021-07-13,106.27503,Ultimatum,0
2021-07-14,106.0,Ultimatum,0
2021-07-15,106.0,Ultimatum,0
2021-07-16,105.89479,Ultimatum,0
2021-07-17,105.6665,Ultimatum,0
2021-07-18,105.0,Ultimatum,0
2021-07-19,104.50518,Ultimatum,0
2021-07-23,50.0,Expedition,1
2021-07-24,62.0,Expedition,0
2021-07-25,72.57994,Expedition,0
2021-07-26,77.0,Expedition,0
2021-07-27,75.9145,Expedition,0
2021-07-28,75.0,Expedition,0
2021-07-29,76.0,Expedition,0
2021-07-30,80.0,Expedition,0
2021-07-31,93.13224,Expedition,0
2021-08-01,93.0,Expedition,0
2021-08-02,94.0,Expedition,0
2021-08-03,94.29842,Expedition,0
2021-08-04,95.0,Expedition,0
2021-08-05,98.56344,Expedition,0
2021-08-06,107.53504,Expedition,0
2021-08-07,110.73757,Expedition,0
2021-08-08,110.9475,Expedition,0
2021-08-09,111.48691,Expedition,0
2021-08-10,112.11809,Expedition,0
2021-08-11,115.0,Expedition,0
2021-08-12,120.25125,Expedition,0
2021-08-13,126.00205,Expedition,0
2021-08-14,129.52633,Expedition,0
2021-08-15,129.45325,Expedition,0
2021-08-16,130.0,Expedition,0
2021-08-17,130.0,Expedition,0
2021-08-18,130.0,Expedition,0
2021-08-19,130.0,Expedition,0
2021-08-20,130.0,Expedition,0
2021-08-21,130.0,Expedition,0
2021-08-22,130.86113,Expedition,0
2021-08-23,132.0,Expedition,0
2021-08-24,133.75011,Expedition,0
2021-08-25,136.25549,Expedition,0
2021-08-26,141.82505,Expedition,0
2021-08-27,144.0,Expedition,0
2021-08-28,144.63896,Expedition,0
2021-08-29,145.40283,Expedition,0
2021-08-30,145.11692,Expedition,0
2021-08-31,145.65804,Expedition,0
2021-09-01,146.0,Expedition,0
2021-09-02,147.0,Expedition,0
2021-09-03,148.0,Expedition,0
2021-09-04,150.0,Expedition,0
2021-09-05,152.0,Expedition,0
2021-09-06,154.70381,Expedition,0
2021-09-07,158.0,Expedition,0
2021-09-08,160.52094,Expedition,0
2021-09-09,165.0,Expedition,0
2021-09-10,167.00042,Expedition,0
2021-09-11,171.04927,Expedition,0
2021-09-12,170.49444,Expedition,0
2021-09-13,170.0,Expedition,0
2021-09-14,170.0,Expedition,0
2021-09-15,170.0,Expedition,0
2021-09-16,170.0,Expedition,0
2021-09-17,170.0,Expedition,0
2021-09-18,170.0,Expedition,0
2021-09-19,170.0,Expedition,0
2021-09-20,170.0,Expedition,0
2021-09-21,170.0,Expedition,0
2021-09-22,170.0,Expedition,0
2021-09-23,170.0,Expedition,0
2021-09-24,170.0,Expedition,0
2021-09-25,170.24252,Expedition,0
2021-09-26,170.33333,Expedition,0
2021-09-27,170.00037,Expedition,0
2021-09-28,170.20243,Expedition,0
2021-09-29,170.4865,Expedition,0
2021-09-30,170.17964,Expedition,0
2021-10-01,170.0,Expedition,0
2021-10-02,167.37524,Expedition,0
2021-10-03,165.0,Expedition,0
2021-10-04,148.27628,Expedition,0
2021-10-05,130.0,Expedition,0
2021-10-06,130.90954,Expedition,0
2021-10-07,133.79878,Expedition,0
2021-10-08,134.0,Expedition,0
2021-10-09,134.80838,Expedition,0
2021-10-10,133.82413,Expedition,0
2021-10-11,132.0,Expedition,0
2021-10-12,131.87506,Expedition,0
2021-10-13,130.0,Expedition,0
2021-10-14,125.8975,Expedition,0
2021-10-15,123.0,Expedition,0
2021-10-16,120.0,Expedition,0
2021-10-17,120.0,Expedition,0
2021-10-18,119.93215,Expedition,0
