Date,y_step_1,y_step_2,y_step_3,y_step_4,y_step_5
2016-12-03,9.42193,7.80714,7.6161,7.47232,7.0
2016-12-04,7.80714,7.6161,7.47232,7.0,7.21964
2016-12-05,7.6161,7.47232,7.0,7.21964,7.07411
2016-12-06,7.47232,7.0,7.21964,7.07411,7.27364
2016-12-07,7.0,7.21964,7.07411,7.27364,7.05182
2016-12-08,7.21964,7.07411,7.27364,7.05182,7.46429
2016-12-09,7.07411,7.27364,7.05182,7.46429,8.44821
2016-12-10,7.27364,7.05182,7.46429,8.44821,8.95088
2016-12-11,7.05182,7.46429,8.44821,8.95088,9.65917
2016-12-12,7.46429,8.44821,8.95088,9.65917,9.98929
2016-12-13,8.44821,8.95088,9.65917,9.98929,10.02091
2016-12-14,8.95088,9.65917,9.98929,10.02091,10.80649
2016-12-15,9.65917,9.98929,10.02091,10.80649,11.45839
2016-12-16,9.98929,10.02091,10.80649,11.45839,10.74545
2016-12-17,10.02091,10.80649,11.45839,10.74545,10.0
2016-12-18,10.80649,11.45839,10.74545,10.0,9.95818
2016-12-19,11.45839,10.74545,10.0,9.95818,9.86316
2016-12-20,10.74545,10.0,9.95818,9.86316,10.0
2016-12-21,10.0,9.95818,9.86316,10.0,10.0
2016-12-22,9.95818,9.86316,10.0,10.0,9.99164
2016-12-23,9.86316,10.0,10.0,9.99164,10.0
2016-12-24,10.0,10.0,9.99164,10.0,9.93827
2016-12-25,10.0,9.99164,10.0,9.93827,9.904
2016-12-26,9.99164,10.0,9.93827,9.904,9.41155
2016-12-27,10.0,9.93827,9.904,9.41155,9.0
2016-12-28,9.93827,9.904,9.41155,9.0,8.98214
2016-12-29,9.904,9.41155,9.0,8.98214,8.93964
2016-12-30,9.41155,9.0,8.98214,8.93964,8.0378
2016-12-31,9.0,8.98214,8.93964,8.0378,7.89091
2017-01-01,8.98214,8.93964,8.0378,7.89091,7.54491
2017-01-02,8.93964,8.0378,7.89091,7.54491,7.0
2017-01-03,8.0378,7.89091,7.54491,7.0,7.01818
2017-01-04,7.89091,7.54491,7.0,7.01818,7.01357
2017-01-05,7.54491,7.0,7.01818,7.01357,7.0
2017-01-06,7.0,7.01818,7.01357,7.0,7.0
2017-01-07,7.01818,7.01357,7.0,7.0,7.0
2017-01-08,7.01357,7.0,7.0,7.0,6.98964
2017-01-09,7.0,7.0,7.0,6.98964,7.0
2017-01-10,7.0,7.0,6.98964,7.0,6.85074
2017-01-11,7.0,6.98964,7.0,6.85074,6.0
2017-01-12,6.98964,7.0,6.85074,6.0,6.0
2017-01-13,7.0,6.85074,6.0,6.0,6.0
2017-01-14,6.85074,6.0,6.0,6.0,6.0
2017-01-15,6.0,6.0,6.0,6.0,6.0
2017-01-16,6.0,6.0,6.0,6.0,6.0
2017-01-17,6.0,6.0,6.0,6.0,6.0
2017-01-18,6.0,6.0,6.0,6.0,6.0
2017-01-19,6.0,6.0,6.0,6.0,6.0
2017-01-20,6.0,6.0,6.0,6.0,5.89352
2017-01-21,6.0,6.0,6.0,5.89352,5.37227
2017-01-22,6.0,6.0,5.89352,5.37227,5.23333
2017-01-23,6.0,5.89352,5.37227,5.23333,5.94554
2017-01-24,5.89352,5.37227,5.23333,5.94554,6.0
2017-01-25,5.37227,5.23333,5.94554,6.0,6.65625
2017-01-26,5.23333,5.94554,6.0,6.65625,6.0
2017-01-27,5.94554,6.0,6.65625,6.0,6.31875
2017-01-28,6.0,6.65625,6.0,6.31875,6.43304
2017-01-29,6.65625,6.0,6.31875,6.43304,6.82304
2017-01-30,6.0,6.31875,6.43304,6.82304,7.0
2017-01-31,6.31875,6.43304,6.82304,7.0,7.21818
2017-02-01,6.43304,6.82304,7.0,7.21818,8.0
2017-02-02,6.82304,7.0,7.21818,8.0,7.99179
2017-02-03,7.0,7.21818,8.0,7.99179,7.74483
2017-02-04,7.21818,8.0,7.99179,7.74483,8.0
2017-02-05,8.0,7.99179,7.74483,8.0,8.0
2017-02-06,7.99179,7.74483,8.0,8.0,7.67155
2017-02-07,7.74483,8.0,8.0,7.67155,7.33421
2017-02-08,8.0,8.0,7.67155,7.33421,7.09883
2017-02-09,8.0,7.67155,7.33421,7.09883,7.93759
2017-02-10,7.67155,7.33421,7.09883,7.93759,7.53439
2017-02-11,7.33421,7.09883,7.93759,7.53439,7.0
2017-02-12,7.09883,7.93759,7.53439,7.0,7.05368
2017-02-13,7.93759,7.53439,7.0,7.05368,7.72684
2017-02-14,7.53439,7.0,7.05368,7.72684,7.34386
2017-02-15,7.0,7.05368,7.72684,7.34386,7.99649
2017-02-16,7.05368,7.72684,7.34386,7.99649,8.0
2017-02-17,7.72684,7.34386,7.99649,8.0,8.01017
2017-02-18,7.34386,7.99649,8.0,8.01017,8.10169
2017-02-19,7.99649,8.0,8.01017,8.10169,7.14167
2017-02-20,8.0,8.01017,8.10169,7.14167,7.28966
2017-02-21,8.01017,8.10169,7.14167,7.28966,8.10169
2017-02-22,8.10169,7.14167,7.28966,8.10169,8.00517
2017-02-23,7.14167,7.28966,8.10169,8.00517,7.33333
2017-02-24,7.28966,8.10169,8.00517,7.33333,10.0
2017-02-25,8.10169,8.00517,7.33333,10.0,21.47083
2017-02-26,8.00517,7.33333,10.0,21.47083,21.31176
2017-02-27,7.33333,10.0,21.47083,21.31176,17.77018
2017-02-28,10.0,21.47083,21.31176,17.77018,18.79123
2017-03-04,21.47083,21.31176,17.77018,18.79123,17.19492
2017-03-05,21.31176,17.77018,18.79123,17.19492,16.07241
2017-03-06,17.77018,18.79123,17.19492,16.07241,15.8193
2017-03-07,18.79123,17.19492,16.07241,15.8193,16.63707
2017-03-08,17.19492,16.07241,15.8193,16.63707,16.04211
2017-03-09,16.07241,15.8193,16.63707,16.04211,17.13509
2017-03-10,15.8193,16.63707,16.04211,17.13509,16.93362
2017-03-11,16.63707,16.04211,17.13509,16.93362,17.20965
2017-03-12,16.04211,17.13509,16.93362,17.20965,16.8075
2017-03-13,17.13509,16.93362,17.20965,16.8075,16.55614
2017-03-14,16.93362,17.20965,16.8075,16.55614,15.18475
2017-03-15,17.20965,16.8075,16.55614,15.18475,14.77414
2017-03-16,16.8075,16.55614,15.18475,14.77414,14.69051
2017-03-17,16.55614,15.18475,14.77414,14.69051,15.0
2017-03-18,15.18475,14.77414,14.69051,15.0,15.0
2017-03-19,14.77414,14.69051,15.0,15.0,15.0931
2017-03-20,14.69051,15.0,15.0,15.0931,15.71898
2017-03-21,15.0,15.0,15.0931,15.71898,16.22948
2017-03-22,15.0,15.0931,15.71898,16.22948,16.175
2017-03-23,15.0931,15.71898,16.22948,16.175,15.09655
2017-03-24,15.71898,16.22948,16.175,15.09655,14.75
2017-03-25,16.22948,16.175,15.09655,14.75,14.79414
2017-03-26,16.175,15.09655,14.75,14.79414,15.0
2017-03-27,15.09655,14.75,14.79414,15.0,15.0
2017-03-28,14.75,14.79414,15.0,15.0,14.34943
2017-03-29,14.79414,15.0,15.0,14.34943,14.0
2017-03-30,15.0,15.0,14.34943,14.0,14.00431
2017-03-31,15.0,14.34943,14.0,14.00431,13.25862
2017-04-01,14.34943,14.0,14.00431,13.25862,12.98276
2017-04-02,14.0,14.00431,13.25862,12.98276,12.14138
2017-04-03,14.00431,13.25862,12.98276,12.14138,13.13448
2017-04-04,13.25862,12.98276,12.14138,13.13448,13.77053
2017-04-05,12.98276,12.14138,13.13448,13.77053,12.96983
2017-04-06,12.14138,13.13448,13.77053,12.96983,12.12983
2017-04-07,13.13448,13.77053,12.96983,12.12983,11.98305
2017-04-08,13.77053,12.96983,12.12983,11.98305,11.86833
2017-04-09,12.96983,12.12983,11.98305,11.86833,11.58793
2017-04-10,12.12983,11.98305,11.86833,11.58793,10.89828
2017-04-11,11.98305,11.86833,11.58793,10.89828,11.60862
2017-04-12,11.86833,11.58793,10.89828,11.60862,12.34023
2017-04-13,11.58793,10.89828,11.60862,12.34023,12.19492
2017-04-14,10.89828,11.60862,12.34023,12.19492,12.08644
2017-04-15,11.60862,12.34023,12.19492,12.08644,11.9069
2017-04-16,12.34023,12.19492,12.08644,11.9069,12.01864
2017-04-17,12.19492,12.08644,11.9069,12.01864,12.28281
2017-04-18,12.08644,11.9069,12.01864,12.28281,12.82241
2017-04-19,11.9069,12.01864,12.28281,12.82241,12.54492
2017-04-20,12.01864,12.28281,12.82241,12.54492,11.96339
2017-04-21,12.28281,12.82241,12.54492,11.96339,11.99931
2017-04-22,12.82241,12.54492,11.96339,11.99931,10.97797
2017-04-23,12.54492,11.96339,11.99931,10.97797,11.54576
2017-04-24,11.96339,11.99931,10.97797,11.54576,11.96897
2017-04-25,11.99931,10.97797,11.54576,11.96897,12.31738
2017-04-26,10.97797,11.54576,11.96897,12.31738,12.29379
2017-04-27,11.54576,11.96897,12.31738,12.29379,11.98305
2017-04-28,11.96897,12.31738,12.29379,11.98305,11.98361
2017-04-29,12.31738,12.29379,11.98305,11.98361,11.80897
2017-04-30,12.29379,11.98305,11.98361,11.80897,11.62396
2017-05-01,11.98305,11.98361,11.80897,11.62396,10.25661
2017-05-02,11.98361,11.80897,11.62396,10.25661,10.46949
2017-05-03,11.80897,11.62396,10.25661,10.46949,10.91153
2017-05-04,11.62396,10.25661,10.46949,10.91153,10.64138
2017-05-05,10.25661,10.46949,10.91153,10.64138,10.69661
2017-05-06,10.46949,10.91153,10.64138,10.69661,10.51897
2017-05-07,10.91153,10.64138,10.69661,10.51897,11.02983
2017-05-08,10.64138,10.69661,10.51897,11.02983,10.55254
2017-05-09,10.69661,10.51897,11.02983,10.55254,10.8669
2017-05-10,10.51897,11.02983,10.55254,10.8669,10.24576
2017-05-11,11.02983,10.55254,10.8669,10.24576,10.44407
2017-05-12,10.55254,10.8669,10.24576,10.44407,10.84712
2017-05-13,10.8669,10.24576,10.44407,10.84712,10.98103
2017-05-14,10.24576,10.44407,10.84712,10.98103,10.07667
2017-05-15,10.44407,10.84712,10.98103,10.07667,10.00339
2017-05-16,10.84712,10.98103,10.07667,10.00339,11.19655
2017-05-17,10.98103,10.07667,10.00339,11.19655,10.8339
2017-05-18,10.07667,10.00339,11.19655,10.8339,10.68712
2017-05-19,10.00339,11.19655,10.8339,10.68712,9.47085
2017-05-20,11.19655,10.8339,10.68712,9.47085,9.89661
2017-05-21,10.8339,10.68712,9.47085,9.89661,10.88448
2017-05-22,10.68712,9.47085,9.89661,10.88448,9.87797
2017-05-23,9.47085,9.89661,10.88448,9.87797,9.87712
2017-05-24,9.89661,10.88448,9.87797,9.87712,9.74407
2017-05-25,10.88448,9.87797,9.87712,9.74407,9.99153
2017-05-26,9.87797,9.87712,9.74407,9.99153,10.18793
2017-05-27,9.87712,9.74407,9.99153,10.18793,10.32203
2017-05-28,9.74407,9.99153,10.18793,10.32203,11.17627
2017-05-29,9.99153,10.18793,10.32203,11.17627,10.21017
2017-05-30,10.18793,10.32203,11.17627,10.21017,10.03276
2017-05-31,10.32203,11.17627,10.21017,10.03276,9.83016
2017-06-01,11.17627,10.21017,10.03276,9.83016,10.08103
2017-06-02,10.21017,10.03276,9.83016,10.08103,9.6339
2017-06-03,10.03276,9.83016,10.08103,9.6339,9.96949
2017-06-04,9.83016,10.08103,9.6339,9.96949,10.03559
2017-06-05,10.08103,9.6339,9.96949,10.03559,10.42604
2017-06-06,9.6339,9.96949,10.03559,10.42604,11.12475
2017-06-07,9.96949,10.03559,10.42604,11.12475,10.28205
2017-06-08,10.03559,10.42604,11.12475,10.28205,10.888
2017-06-09,10.42604,11.12475,10.28205,10.888,10.16795
2017-06-10,11.12475,10.28205,10.888,10.16795,10.2175
2017-06-11,10.28205,10.888,10.16795,10.2175,10.37179
2017-06-12,10.888,10.16795,10.2175,10.37179,10.29231
2017-06-13,10.16795,10.2175,10.37179,10.29231,10.91
2017-06-14,10.2175,10.37179,10.29231,10.91,11.91282
2017-06-15,10.37179,10.29231,10.91,11.91282,11.6445
2017-06-16,10.29231,10.91,11.91282,11.6445,11.33846
2017-06-17,10.91,11.91282,11.6445,11.33846,11.13846
2017-06-18,11.91282,11.6445,11.33846,11.13846,10.9405
2017-06-19,11.6445,11.33846,11.13846,10.9405,11.3641
2017-06-20,11.33846,11.13846,10.9405,11.3641,9.9825
2017-06-21,11.13846,10.9405,11.3641,9.9825,10.00962
2017-06-22,10.9405,11.3641,9.9825,10.00962,10.03462
2017-06-23,11.3641,9.9825,10.00962,10.03462,10.5925
2017-06-24,9.9825,10.00962,10.03462,10.5925,9.48625
2017-06-25,10.00962,10.03462,10.5925,9.48625,10.5359
2017-06-26,10.03462,10.5925,9.48625,10.5359,10.63077
2017-06-27,10.5925,9.48625,10.5359,10.63077,9.4525
2017-06-28,9.48625,10.5359,10.63077,9.4525,11.64391
2017-06-29,10.5359,10.63077,9.4525,11.64391,11.9725
2017-06-30,10.63077,9.4525,11.64391,11.9725,11.07949
2017-07-01,9.4525,11.64391,11.9725,11.07949,10.325
2017-07-02,11.64391,11.9725,11.07949,10.325,10.14615
2017-07-03,11.9725,11.07949,10.325,10.14615,10.003
2017-07-04,11.07949,10.325,10.14615,10.003,9.99487
2017-07-05,10.325,10.14615,10.003,9.99487,10.0
2017-07-06,10.14615,10.003,9.99487,10.0,10.07949
2017-07-07,10.003,9.99487,10.0,10.07949,9.975
2017-07-08,9.99487,10.0,10.07949,9.975,10.0075
2017-07-09,10.0,10.07949,9.975,10.0075,10.24432
2017-07-10,10.07949,9.975,10.0075,10.24432,10.07607
2017-07-11,9.975,10.0075,10.24432,10.07607,9.641
2017-07-12,10.0075,10.24432,10.07607,9.641,9.45897
2017-07-13,10.24432,10.07607,9.641,9.45897,10.02048
2017-07-14,10.07607,9.641,9.45897,10.02048,9.59096
2017-07-15,9.641,9.45897,10.02048,9.59096,9.4375
2017-07-16,9.45897,10.02048,9.59096,9.4375,9.92308
2017-07-17,10.02048,9.59096,9.4375,9.92308,10.4625
2017-07-18,9.59096,9.4375,9.92308,10.4625,10.56154
2017-07-19,9.4375,9.92308,10.4625,10.56154,11.09487
2017-07-20,9.92308,10.4625,10.56154,11.09487,10.19881
2017-07-21,10.4625,10.56154,11.09487,10.19881,10.2475
2017-07-22,10.56154,11.09487,10.19881,10.2475,10.25385
2017-07-23,11.09487,10.19881,10.2475,10.25385,11.3375
2017-07-24,10.19881,10.2475,10.25385,11.3375,10.27179
2017-07-25,10.2475,10.25385,11.3375,10.27179,10.98
2017-07-26,10.25385,11.3375,10.27179,10.98,11.45189
2017-07-27,11.3375,10.27179,10.98,11.45189,63.33333
2017-07-28,10.27179,10.98,11.45189,63.33333,66.58571
2017-07-29,10.98,11.45189,63.33333,66.58571,59.482
2017-07-30,11.45189,63.33333,66.58571,59.482,54.39
2017-07-31,63.33333,66.58571,59.482,54.39,51.51961
2017-08-07,66.58571,59.482,54.39,51.51961,50.192
2017-08-08,59.482,54.39,51.51961,50.192,48.93725
2017-08-09,54.39,51.51961,50.192,48.93725,48.09
2017-08-10,51.51961,50.192,48.93725,48.09,47.21224
2017-08-11,50.192,48.93725,48.09,47.21224,45.944
2017-08-12,48.93725,48.09,47.21224,45.944,43.222
2017-08-13,48.09,47.21224,45.944,43.222,41.692
2017-08-14,47.21224,45.944,43.222,41.692,43.608
2017-08-15,45.944,43.222,41.692,43.608,43.3
2017-08-16,43.222,41.692,43.608,43.3,41.651
2017-08-17,41.692,43.608,43.3,41.651,43.984
2017-08-18,43.608,43.3,41.651,43.984,43.62245
2017-08-19,43.3,41.651,43.984,43.62245,40.18
2017-08-20,41.651,43.984,43.62245,40.18,39.68
2017-08-21,43.984,43.62245,40.18,39.68,38.715
2017-08-22,43.62245,40.18,39.68,38.715,37.67143
2017-08-23,40.18,39.68,38.715,37.67143,36.226
2017-08-24,39.68,38.715,37.67143,36.226,36.04388
2017-08-25,38.715,37.67143,36.226,36.04388,35.17
2017-08-26,37.67143,36.226,36.04388,35.17,34.65714
2017-08-27,36.226,36.04388,35.17,34.65714,34.76
2017-08-28,36.04388,35.17,34.65714,34.76,33.48776
2017-08-29,35.17,34.65714,34.76,33.48776,31.379
2017-08-30,34.65714,34.76,33.48776,31.379,30.0
2017-08-31,34.76,33.48776,31.379,30.0,29.74
2017-09-01,33.48776,31.379,30.0,29.74,29.0
2017-09-02,31.379,30.0,29.74,29.0,29.11
2017-09-03,30.0,29.74,29.0,29.11,29.178
2017-09-04,29.74,29.0,29.11,29.178,28.10408
2017-09-05,29.0,29.11,29.178,28.10408,29.736
2017-09-06,29.11,29.178,28.10408,29.736,31.851
2017-09-07,29.178,28.10408,29.736,31.851,31.04388
2017-09-08,28.10408,29.736,31.851,31.04388,31.636
2017-09-09,29.736,31.851,31.04388,31.636,31.46939
2017-09-10,31.851,31.04388,31.636,31.46939,31.61657
2017-09-11,31.04388,31.636,31.46939,31.61657,29.94
2017-09-12,31.636,31.46939,31.61657,29.94,28.96
2017-09-13,31.46939,31.61657,29.94,28.96,28.93265
2017-09-14,31.61657,29.94,28.96,28.93265,28.98039
2017-09-15,29.94,28.96,28.93265,28.98039,29.28
2017-09-16,28.96,28.93265,28.98039,29.28,29.41058
2017-09-17,28.93265,28.98039,29.28,29.41058,28.80784
2017-09-18,28.98039,29.28,29.41058,28.80784,28.17308
2017-09-19,29.28,29.41058,28.80784,28.17308,28.1902
2017-09-20,29.41058,28.80784,28.17308,28.1902,28.55588
2017-09-21,28.80784,28.17308,28.1902,28.55588,28.042
2017-09-22,28.17308,28.1902,28.55588,28.042,28.0
2017-09-23,28.1902,28.55588,28.042,28.0,28.54519
2017-09-24,28.55588,28.042,28.0,28.54519,28.824
2017-09-25,28.042,28.0,28.54519,28.824,28.83529
2017-09-26,28.0,28.54519,28.824,28.83529,28.414
2017-09-27,28.54519,28.824,28.83529,28.414,27.73745
2017-09-28,28.824,28.83529,28.414,27.73745,27.06196
2017-09-29,28.83529,28.414,27.73745,27.06196,25.93922
2017-09-30,28.414,27.73745,27.06196,25.93922,24.9138
2017-10-01,27.73745,27.06196,25.93922,24.9138,23.6451
2017-10-02,27.06196,25.93922,24.9138,23.6451,22.132
2017-10-03,25.93922,24.9138,23.6451,22.132,22.16275
2017-10-04,24.9138,23.6451,22.132,22.16275,21.00133
2017-10-05,23.6451,22.132,22.16275,21.00133,20.0
2017-10-06,22.132,22.16275,21.00133,20.0,19.89
2017-10-07,22.16275,21.00133,20.0,19.89,19.44902
2017-10-08,21.00133,20.0,19.89,19.44902,19.272
2017-10-09,20.0,19.89,19.44902,19.272,19.27255
2017-10-10,19.89,19.44902,19.272,19.27255,19.72308
2017-10-11,19.44902,19.272,19.27255,19.72308,19.31354
2017-10-12,19.272,19.27255,19.72308,19.31354,16.46471
2017-10-13,19.27255,19.72308,19.31354,16.46471,17.16
2017-10-14,19.72308,19.31354,16.46471,17.16,18.36275
2017-10-15,19.31354,16.46471,17.16,18.36275,18.32549
2017-10-16,16.46471,17.16,18.36275,18.32549,17.294
2017-10-17,17.16,18.36275,18.32549,17.294,16.07255
2017-10-18,18.36275,18.32549,17.294,16.07255,15.2
2017-10-19,18.32549,17.294,16.07255,15.2,14.3902
2017-10-20,17.294,16.07255,15.2,14.3902,14.89706
2017-10-21,16.07255,15.2,14.3902,14.89706,14.589
2017-10-22,15.2,14.3902,14.89706,14.589,14.38627
2017-10-23,14.3902,14.89706,14.589,14.38627,14.368
2017-10-24,14.89706,14.589,14.38627,14.368,14.9449
2017-10-25,14.589,14.38627,14.368,14.9449,14.6756
2017-10-26,14.38627,14.368,14.9449,14.6756,13.92026
2017-10-27,14.368,14.9449,14.6756,13.92026,13.90248
2017-10-28,14.9449,14.6756,13.92026,13.90248,13.66737
2017-10-29,14.6756,13.92026,13.90248,13.66737,13.998
2017-10-30,13.92026,13.90248,13.66737,13.998,12.92745
2017-10-31,13.90248,13.66737,13.998,12.92745,11.96275
2017-11-01,13.66737,13.998,12.92745,11.96275,12.884
2017-11-02,13.998,12.92745,11.96275,12.884,13.547
2017-11-03,12.92745,11.96275,12.884,13.547,12.99804
2017-11-04,11.96275,12.884,13.547,12.99804,11.76858
2017-11-05,12.884,13.547,12.99804,11.76858,11.0175
2017-11-06,13.547,12.99804,11.76858,11.0175,11.0
2017-11-07,12.99804,11.76858,11.0175,11.0,10.99148
2017-11-08,11.76858,11.0175,11.0,10.99148,11.01534
2017-11-09,11.0175,11.0,10.99148,11.01534,11.0
2017-11-10,11.0,10.99148,11.01534,11.0,10.93525
2017-11-11,10.99148,11.01534,11.0,10.93525,10.70153
2017-11-12,11.01534,11.0,10.93525,10.70153,10.81482
2017-11-13,11.0,10.93525,10.70153,10.81482,11.06899
2017-11-14,10.93525,10.70153,10.81482,11.06899,11.94639
2017-11-15,10.70153,10.81482,11.06899,11.94639,11.88946
2017-11-16,10.81482,11.06899,11.94639,11.88946,11.96375
2017-11-17,11.06899,11.94639,11.88946,11.96375,12.0
2017-11-18,11.94639,11.88946,11.96375,12.0,12.0
2017-11-19,11.88946,11.96375,12.0,12.0,12.0
2017-11-20,11.96375,12.0,12.0,12.0,11.93797
2017-11-21,12.0,12.0,12.0,11.93797,11.73523
2017-11-22,12.0,12.0,11.93797,11.73523,11.94727
2017-11-23,12.0,11.93797,11.73523,11.94727,11.88758
2017-11-24,11.93797,11.73523,11.94727,11.88758,11.24396
2017-11-25,11.73523,11.94727,11.88758,11.24396,11.82104
2017-11-26,11.94727,11.88758,11.24396,11.82104,11.96348
2017-11-27,11.88758,11.24396,11.82104,11.96348,10.65448
2017-11-28,11.24396,11.82104,11.96348,10.65448,10.80518
2017-11-29,11.82104,11.96348,10.65448,10.80518,10.73318
2017-11-30,11.96348,10.65448,10.80518,10.73318,44.0
2017-12-01,10.65448,10.80518,10.73318,44.0,46.03778
2017-12-02,10.80518,10.73318,44.0,46.03778,44.96971
2017-12-03,10.73318,44.0,46.03778,44.96971,38.18124
2017-12-04,44.0,46.03778,44.96971,38.18124,38.62988
2017-12-10,46.03778,44.96971,38.18124,38.62988,32.45615
2017-12-11,44.96971,38.18124,38.62988,32.45615,31.03125
2017-12-12,38.18124,38.62988,32.45615,31.03125,31.31257
2017-12-13,38.62988,32.45615,31.03125,31.31257,29.36566
2017-12-14,32.45615,31.03125,31.31257,29.36566,28.58527
2017-12-15,31.03125,31.31257,29.36566,28.58527,32.04402
2017-12-16,31.31257,29.36566,28.58527,32.04402,31.43816
2017-12-17,29.36566,28.58527,32.04402,31.43816,30.56383
2017-12-18,28.58527,32.04402,31.43816,30.56383,32.55149
2017-12-19,32.04402,31.43816,30.56383,32.55149,31.86306
2017-12-20,31.43816,30.56383,32.55149,31.86306,31.10898
2017-12-21,30.56383,32.55149,31.86306,31.10898,31.93696
2017-12-22,32.55149,31.86306,31.10898,31.93696,31.94491
2017-12-23,31.86306,31.10898,31.93696,31.94491,31.15527
2017-12-24,31.10898,31.93696,31.94491,31.15527,31.99168
2017-12-25,31.93696,31.94491,31.15527,31.99168,32.27204
2017-12-26,31.94491,31.15527,31.99168,32.27204,31.619
2017-12-27,31.15527,31.99168,32.27204,31.619,30.82787
2017-12-28,31.99168,32.27204,31.619,30.82787,29.59014
2017-12-29,32.27204,31.619,30.82787,29.59014,28.74239
2017-12-30,31.619,30.82787,29.59014,28.74239,27.19339
2017-12-31,30.82787,29.59014,28.74239,27.19339,25.86078
2018-01-01,29.59014,28.74239,27.19339,25.86078,23.6626
2018-01-02,28.74239,27.19339,25.86078,23.6626,22.15357
2018-01-03,27.19339,25.86078,23.6626,22.15357,21.20451
2018-01-04,25.86078,23.6626,22.15357,21.20451,21.30175
2018-01-05,23.6626,22.15357,21.20451,21.30175,21.02058
2018-01-06,22.15357,21.20451,21.30175,21.02058,20.46983
2018-01-07,21.20451,21.30175,21.02058,20.46983,20.40707
2018-01-08,21.30175,21.02058,20.46983,20.40707,19.96997
2018-01-09,21.02058,20.46983,20.40707,19.96997,19.21719
2018-01-10,20.46983,20.40707,19.96997,19.21719,19.18895
2018-01-11,20.40707,19.96997,19.21719,19.18895,19.21039
2018-01-12,19.96997,19.21719,19.18895,19.21039,17.44173
2018-01-13,19.21719,19.18895,19.21039,17.44173,16.94816
2018-01-14,19.18895,19.21039,17.44173,16.94816,16.60824
2018-01-15,19.21039,17.44173,16.94816,16.60824,15.28007
2018-01-16,17.44173,16.94816,16.60824,15.28007,14.82608
2018-01-17,16.94816,16.60824,15.28007,14.82608,14.18363
2018-01-18,16.60824,15.28007,14.82608,14.18363,14.049
2018-01-19,15.28007,14.82608,14.18363,14.049,14.97389
2018-01-20,14.82608,14.18363,14.049,14.97389,15.0
2018-01-21,14.18363,14.049,14.97389,15.0,14.99476
2018-01-22,14.049,14.97389,15.0,14.99476,14.51321
2018-01-23,14.97389,15.0,14.99476,14.51321,14.27143
2018-01-24,15.0,14.99476,14.51321,14.27143,13.83679
2018-01-25,14.99476,14.51321,14.27143,13.83679,13.92168
2018-01-26,14.51321,14.27143,13.83679,13.92168,13.89117
2018-01-27,14.27143,13.83679,13.92168,13.89117,13.41847
2018-01-28,13.83679,13.92168,13.89117,13.41847,13.0
2018-01-29,13.92168,13.89117,13.41847,13.0,12.89022
2018-01-30,13.89117,13.41847,13.0,12.89022,12.65723
2018-01-31,13.41847,13.0,12.89022,12.65723,12.77833
2018-02-01,13.0,12.89022,12.65723,12.77833,13.15869
2018-02-02,12.89022,12.65723,12.77833,13.15869,12.87361
2018-02-03,12.65723,12.77833,13.15869,12.87361,13.0
2018-02-04,12.77833,13.15869,12.87361,13.0,12.98582
2018-02-05,13.15869,12.87361,13.0,12.98582,12.61037
2018-02-06,12.87361,13.0,12.98582,12.61037,12.92109
2018-02-07,13.0,12.98582,12.61037,12.92109,12.87742
2018-02-08,12.98582,12.61037,12.92109,12.87742,13.0
2018-02-09,12.61037,12.92109,12.87742,13.0,12.96487
2018-02-10,12.92109,12.87742,13.0,12.96487,12.3535
2018-02-11,12.87742,13.0,12.96487,12.3535,12.7732
2018-02-12,13.0,12.96487,12.3535,12.7732,12.96677
2018-02-13,12.96487,12.3535,12.7732,12.96677,12.88907
2018-02-14,12.3535,12.7732,12.96677,12.88907,12.55669
2018-02-15,12.7732,12.96677,12.88907,12.55669,12.91595
2018-02-16,12.96677,12.88907,12.55669,12.91595,12.78484
2018-02-17,12.88907,12.55669,12.91595,12.78484,12.88634
2018-02-18,12.55669,12.91595,12.78484,12.88634,12.89746
2018-02-19,12.91595,12.78484,12.88634,12.89746,12.80156
2018-02-20,12.78484,12.88634,12.89746,12.80156,12.87047
2018-02-21,12.88634,12.89746,12.80156,12.87047,13.13673
2018-02-22,12.89746,12.80156,12.87047,13.13673,36.62598
2018-02-23,12.80156,12.87047,13.13673,36.62598,25.37897
2018-02-24,12.87047,13.13673,36.62598,25.37897,18.47911
2018-02-25,13.13673,36.62598,25.37897,18.47911,20.45683
2018-02-26,36.62598,25.37897,18.47911,20.45683,24.18923
2018-03-03,25.37897,18.47911,20.45683,24.18923,24.73885
2018-03-04,18.47911,20.45683,24.18923,24.73885,24.92538
2018-03-05,20.45683,24.18923,24.73885,24.92538,25.47706
2018-03-06,24.18923,24.73885,24.92538,25.47706,27.69216
2018-03-07,24.73885,24.92538,25.47706,27.69216,27.26746
2018-03-08,24.92538,25.47706,27.69216,27.26746,28.18241
2018-03-09,25.47706,27.69216,27.26746,28.18241,25.37484
2018-03-10,27.69216,27.26746,28.18241,25.37484,24.98113
2018-03-11,27.26746,28.18241,25.37484,24.98113,25.46152
2018-03-12,28.18241,25.37484,24.98113,25.46152,26.31634
2018-03-13,25.37484,24.98113,25.46152,26.31634,27.18579
2018-03-14,24.98113,25.46152,26.31634,27.18579,26.53582
2018-03-15,25.46152,26.31634,27.18579,26.53582,25.22596
2018-03-16,26.31634,27.18579,26.53582,25.22596,25.54705
2018-03-17,27.18579,26.53582,25.22596,25.54705,25.69301
2018-03-18,26.53582,25.22596,25.54705,25.69301,26.15643
2018-03-19,25.22596,25.54705,25.69301,26.15643,27.06584
2018-03-20,25.54705,25.69301,26.15643,27.06584,25.87639
2018-03-21,25.69301,26.15643,27.06584,25.87639,24.37265
2018-03-22,26.15643,27.06584,25.87639,24.37265,25.3362
2018-03-23,27.06584,25.87639,24.37265,25.3362,25.07469
2018-03-24,25.87639,24.37265,25.3362,25.07469,24.10758
2018-03-25,24.37265,25.3362,25.07469,24.10758,24.84399
2018-03-26,25.3362,25.07469,24.10758,24.84399,26.00238
2018-03-27,25.07469,24.10758,24.84399,26.00238,26.57824
2018-03-28,24.10758,24.84399,26.00238,26.57824,26.44282
2018-03-29,24.84399,26.00238,26.57824,26.44282,26.95735
2018-03-30,26.00238,26.57824,26.44282,26.95735,26.57094
2018-03-31,26.57824,26.44282,26.95735,26.57094,24.95547
2018-04-01,26.44282,26.95735,26.57094,24.95547,24.17283
2018-04-02,26.95735,26.57094,24.95547,24.17283,24.29675
2018-04-03,26.57094,24.95547,24.17283,24.29675,24.99288
2018-04-04,24.95547,24.17283,24.29675,24.99288,25.0
2018-04-05,24.17283,24.29675,24.99288,25.0,25.0
2018-04-06,24.29675,24.99288,25.0,25.0,24.43297
2018-04-07,24.99288,25.0,25.0,24.43297,24.00252
2018-04-08,25.0,25.0,24.43297,24.00252,24.52851
2018-04-09,25.0,24.43297,24.00252,24.52851,24.92051
2018-04-10,24.43297,24.00252,24.52851,24.92051,24.62173
2018-04-11,24.00252,24.52851,24.92051,24.62173,23.96222
2018-04-12,24.52851,24.92051,24.62173,23.96222,23.44129
2018-04-13,24.92051,24.62173,23.96222,23.44129,23.97414
2018-04-14,24.62173,23.96222,23.44129,23.97414,23.35216
2018-04-15,23.96222,23.44129,23.97414,23.35216,22.86748
2018-04-16,23.44129,23.97414,23.35216,22.86748,22.87529
2018-04-17,23.97414,23.35216,22.86748,22.87529,22.82485
2018-04-18,23.35216,22.86748,22.87529,22.82485,22.71706
2018-04-19,22.86748,22.87529,22.82485,22.71706,22.82796
2018-04-20,22.87529,22.82485,22.71706,22.82796,22.9874
2018-04-21,22.82485,22.71706,22.82796,22.9874,22.82496
2018-04-22,22.71706,22.82796,22.9874,22.82496,21.90073
2018-04-23,22.82796,22.9874,22.82496,21.90073,21.0
2018-04-24,22.9874,22.82496,21.90073,21.0,21.0
2018-04-25,22.82496,21.90073,21.0,21.0,19.0
2018-04-26,21.90073,21.0,21.0,19.0,20.0
2018-04-27,21.0,21.0,19.0,20.0,20.0
2018-04-28,21.0,19.0,20.0,20.0,20.0
2018-04-29,19.0,20.0,20.0,20.0,20.0
2018-04-30,20.0,20.0,20.0,20.0,20.0
2018-05-01,20.0,20.0,20.0,20.0,19.0
2018-05-02,20.0,20.0,20.0,19.0,19.59726
2018-05-03,20.0,20.0,19.0,19.59726,19.24817
2018-05-04,20.0,19.0,19.59726,19.24817,20.0
2018-05-05,19.0,19.59726,19.24817,20.0,20.0
2018-05-06,19.59726,19.24817,20.0,20.0,20.0
2018-05-07,19.24817,20.0,20.0,20.0,19.99985
2018-05-08,20.0,20.0,20.0,19.99985,20.0
2018-05-09,20.0,20.0,19.99985,20.0,20.0
2018-05-10,20.0,19.99985,20.0,20.0,18.81676
2018-05-11,19.99985,20.0,20.0,18.81676,19.91039
2018-05-12,20.0,20.0,18.81676,19.91039,18.0
2018-05-13,20.0,18.81676,19.91039,18.0,18.23316
2018-05-14,18.81676,19.91039,18.0,18.23316,18.65652
2018-05-15,19.91039,18.0,18.23316,18.65652,20.0
2018-05-16,18.0,18.23316,18.65652,20.0,19.42188
2018-05-17,18.23316,18.65652,20.0,19.42188,19.8539
2018-05-18,18.65652,20.0,19.42188,19.8539,20.0
2018-05-19,20.0,19.42188,19.8539,20.0,22.18385
2018-05-20,19.42188,19.8539,20.0,22.18385,22.97949
2018-05-21,19.8539,20.0,22.18385,22.97949,23.20864
2018-05-22,20.0,22.18385,22.97949,23.20864,23.20353
2018-05-23,22.18385,22.97949,23.20864,23.20353,23.55435
2018-05-24,22.97949,23.20864,23.20353,23.55435,33.0
2018-05-25,23.20864,23.20353,23.55435,33.0,19.82584
2018-05-26,23.20353,23.55435,33.0,19.82584,23.0
2018-05-27,23.55435,33.0,19.82584,23.0,23.0056
2018-05-28,33.0,19.82584,23.0,23.0056,24.0
2018-06-02,19.82584,23.0,23.0056,24.0,22.0
2018-06-03,23.0,23.0056,24.0,22.0,22.0
2018-06-04,23.0056,24.0,22.0,22.0,22.0
2018-06-05,24.0,22.0,22.0,22.0,22.63415
2018-06-06,22.0,22.0,22.0,22.63415,22.82145
2018-06-07,22.0,22.0,22.63415,22.82145,24.0
2018-06-08,22.0,22.63415,22.82145,24.0,29.98677
2018-06-09,22.63415,22.82145,24.0,29.98677,30.0
2018-06-10,22.82145,24.0,29.98677,30.0,31.07156
2018-06-11,24.0,29.98677,30.0,31.07156,32.0
2018-06-12,29.98677,30.0,31.07156,32.0,37.0
2018-06-13,30.0,31.07156,32.0,37.0,43.0
2018-06-14,31.07156,32.0,37.0,43.0,43.19978
2018-06-15,32.0,37.0,43.0,43.19978,50.0
2018-06-16,37.0,43.0,43.19978,50.0,54.0
2018-06-17,43.0,43.19978,50.0,54.0,55.0
2018-06-18,43.19978,50.0,54.0,55.0,55.0
2018-06-19,50.0,54.0,55.0,55.0,55.0
2018-06-20,54.0,55.0,55.0,55.0,56.0
2018-06-21,55.0,55.0,55.0,56.0,58.09153
2018-06-22,55.0,55.0,56.0,58.09153,65.0
2018-06-23,55.0,56.0,58.09153,65.0,64.0
2018-06-24,56.0,58.09153,65.0,64.0,60.0
2018-06-25,58.09153,65.0,64.0,60.0,53.0
2018-06-26,65.0,64.0,60.0,53.0,50.0
2018-06-27,64.0,60.0,53.0,50.0,52.0
2018-06-28,60.0,53.0,50.0,52.0,55.0
2018-06-29,53.0,50.0,52.0,55.0,55.0
2018-06-30,50.0,52.0,55.0,55.0,50.0
2018-07-01,52.0,55.0,55.0,50.0,49.36899
2018-07-02,55.0,55.0,50.0,49.36899,45.0
2018-07-03,55.0,50.0,49.36899,45.0,45.0
2018-07-04,50.0,49.36899,45.0,45.0,47.13372
2018-07-05,49.36899,45.0,45.0,47.13372,48.0
2018-07-06,45.0,45.0,47.13372,48.0,45.58247
2018-07-07,45.0,47.13372,48.0,45.58247,45.0
2018-07-08,47.13372,48.0,45.58247,45.0,45.0
2018-07-09,48.0,45.58247,45.0,45.0,44.0
2018-07-10,45.58247,45.0,45.0,44.0,40.08091
2018-07-11,45.0,45.0,44.0,40.08091,40.0
2018-07-12,45.0,44.0,40.08091,40.0,40.0
2018-07-13,44.0,40.08091,40.0,40.0,40.0
2018-07-14,40.08091,40.0,40.0,40.0,38.94898
2018-07-15,40.0,40.0,40.0,38.94898,39.00132
2018-07-16,40.0,40.0,38.94898,39.00132,39.81018
2018-07-17,40.0,38.94898,39.00132,39.81018,38.0
2018-07-18,38.94898,39.00132,39.81018,38.0,39.0
2018-07-19,39.00132,39.81018,38.0,39.0,39.84
2018-07-20,39.81018,38.0,39.0,39.84,39.0
2018-07-21,38.0,39.0,39.84,39.0,38.0
2018-07-22,39.0,39.84,39.0,38.0,38.0
2018-07-23,39.84,39.0,38.0,38.0,38.0
2018-07-24,39.0,38.0,38.0,38.0,37.0
2018-07-25,38.0,38.0,38.0,37.0,37.58541
2018-07-26,38.0,38.0,37.0,37.58541,35.0
2018-07-27,38.0,37.0,37.58541,35.0,35.0
2018-07-28,37.0,37.58541,35.0,35.0,35.0
2018-07-29,37.58541,35.0,35.0,35.0,35.0
2018-07-30,35.0,35.0,35.0,35.0,35.0
2018-07-31,35.0,35.0,35.0,35.0,35.0
2018-08-01,35.0,35.0,35.0,35.0,36.0
2018-08-02,35.0,35.0,35.0,36.0,35.0
2018-08-03,35.0,35.0,36.0,35.0,35.0
2018-08-04,35.0,36.0,35.0,35.0,35.0
2018-08-05,36.0,35.0,35.0,35.0,35.0
2018-08-06,35.0,35.0,35.0,35.0,35.0
2018-08-07,35.0,35.0,35.0,35.0,35.0
2018-08-08,35.0,35.0,35.0,35.0,35.0
2018-08-09,35.0,35.0,35.0,35.0,35.0
2018-08-10,35.0,35.0,35.0,35.0,33.0
2018-08-11,35.0,35.0,35.0,33.0,32.0
2018-08-12,35.0,35.0,33.0,32.0,32.0
2018-08-13,35.0,33.0,32.0,32.0,32.0
2018-08-14,33.0,32.0,32.0,32.0,32.0
2018-08-15,32.0,32.0,32.0,32.0,31.23851
2018-08-16,32.0,32.0,32.0,31.23851,30.0
2018-08-17,32.0,32.0,31.23851,30.0,32.0
2018-08-18,32.0,31.23851,30.0,32.0,32.0
2018-08-19,31.23851,30.0,32.0,32.0,30.0
2018-08-20,30.0,32.0,32.0,30.0,30.0
2018-08-21,32.0,32.0,30.0,30.0,30.0
2018-08-22,32.0,30.0,30.0,30.0,30.0
2018-08-23,30.0,30.0,30.0,30.0,30.62
2018-08-24,30.0,30.0,30.0,30.62,17.198
2018-08-25,30.0,30.0,30.62,17.198,22.316
2018-08-26,30.0,30.62,17.198,22.316,28.48324
2018-08-27,30.62,17.198,22.316,28.48324,33.0
2018-08-28,17.198,22.316,28.48324,33.0,33.01529
2018-09-01,22.316,28.48324,33.0,33.01529,35.04521
2018-09-02,28.48324,33.0,33.01529,35.04521,39.0
2018-09-03,33.0,33.01529,35.04521,39.0,40.0
2018-09-04,33.01529,35.04521,39.0,40.0,40.0
2018-09-05,35.04521,39.0,40.0,40.0,43.42721
2018-09-06,39.0,40.0,40.0,43.42721,48.0
2018-09-07,40.0,40.0,43.42721,48.0,46.0
2018-09-08,40.0,43.42721,48.0,46.0,48.0
2018-09-09,43.42721,48.0,46.0,48.0,48.0
2018-09-10,48.0,46.0,48.0,48.0,49.0
2018-09-11,46.0,48.0,48.0,49.0,47.0
2018-09-12,48.0,48.0,49.0,47.0,48.0
2018-09-13,48.0,49.0,47.0,48.0,47.0
2018-09-14,49.0,47.0,48.0,47.0,49.0
2018-09-15,47.0,48.0,47.0,49.0,50.0
2018-09-16,48.0,47.0,49.0,50.0,50.0
2018-09-17,47.0,49.0,50.0,50.0,47.0
2018-09-18,49.0,50.0,50.0,47.0,48.0
2018-09-19,50.0,50.0,47.0,48.0,50.0
2018-09-20,50.0,47.0,48.0,50.0,53.0
2018-09-21,47.0,48.0,50.0,53.0,55.0
2018-09-22,48.0,50.0,53.0,55.0,55.0
2018-09-23,50.0,53.0,55.0,55.0,53.0
2018-09-24,53.0,55.0,55.0,53.0,53.0
2018-09-25,55.0,55.0,53.0,53.0,54.0
2018-09-26,55.0,53.0,53.0,54.0,53.0
2018-09-27,53.0,53.0,54.0,53.0,50.0
2018-09-28,53.0,54.0,53.0,50.0,50.0
2018-09-29,54.0,53.0,50.0,50.0,49.0
2018-09-30,53.0,50.0,50.0,49.0,49.34017
2018-10-01,50.0,50.0,49.0,49.34017,49.0
2018-10-02,50.0,49.0,49.34017,49.0,49.0
2018-10-03,49.0,49.34017,49.0,49.0,45.65731
2018-10-04,49.34017,49.0,49.0,45.65731,45.0
2018-10-05,49.0,49.0,45.65731,45.0,44.0
2018-10-06,49.0,45.65731,45.0,44.0,44.0
2018-10-07,45.65731,45.0,44.0,44.0,42.58296
2018-10-08,45.0,44.0,44.0,42.58296,44.0
2018-10-09,44.0,44.0,42.58296,44.0,43.50038
2018-10-10,44.0,42.58296,44.0,43.50038,43.76418
2018-10-11,42.58296,44.0,43.50038,43.76418,44.0
2018-10-12,44.0,43.50038,43.76418,44.0,44.5129
2018-10-13,43.50038,43.76418,44.0,44.5129,45.0
2018-10-14,43.76418,44.0,44.5129,45.0,45.0
2018-10-15,44.0,44.5129,45.0,45.0,44.0404
2018-10-16,44.5129,45.0,45.0,44.0404,45.0
2018-10-17,45.0,45.0,44.0404,45.0,44.0
2018-10-18,45.0,44.0404,45.0,44.0,44.0
2018-10-19,44.0404,45.0,44.0,44.0,44.0
2018-10-20,45.0,44.0,44.0,44.0,43.0
2018-10-21,44.0,44.0,44.0,43.0,42.68295
2018-10-22,44.0,44.0,43.0,42.68295,42.0
2018-10-23,44.0,43.0,42.68295,42.0,42.0
2018-10-24,43.0,42.68295,42.0,42.0,39.72222
2018-10-25,42.68295,42.0,42.0,39.72222,39.0
2018-10-26,42.0,42.0,39.72222,39.0,39.0
2018-10-27,42.0,39.72222,39.0,39.0,39.0
2018-10-28,39.72222,39.0,39.0,39.0,40.0
2018-10-29,39.0,39.0,39.0,40.0,40.0
2018-10-30,39.0,39.0,40.0,40.0,40.0
2018-10-31,39.0,40.0,40.0,40.0,39.41455
2018-11-01,40.0,40.0,40.0,39.41455,39.34975
2018-11-02,40.0,40.0,39.41455,39.34975,40.0
2018-11-03,40.0,39.41455,39.34975,40.0,40.0
2018-11-04,39.41455,39.34975,40.0,40.0,41.0
2018-11-05,39.34975,40.0,40.0,41.0,40.76225
2018-11-06,40.0,40.0,41.0,40.76225,41.75254
2018-11-07,40.0,41.0,40.76225,41.75254,42.0
2018-11-08,41.0,40.76225,41.75254,42.0,42.0
2018-11-09,40.76225,41.75254,42.0,42.0,44.0
2018-11-10,41.75254,42.0,42.0,44.0,44.06868
2018-11-11,42.0,42.0,44.0,44.06868,45.0
2018-11-12,42.0,44.0,44.06868,45.0,44.99847
2018-11-13,44.0,44.06868,45.0,44.99847,45.0
2018-11-14,44.06868,45.0,44.99847,45.0,45.0
2018-11-15,45.0,44.99847,45.0,45.0,44.79798
2018-11-16,44.99847,45.0,45.0,44.79798,44.79798
2018-11-17,45.0,45.0,44.79798,44.79798,45.0
2018-11-18,45.0,44.79798,44.79798,45.0,42.0
2018-11-19,44.79798,44.79798,45.0,42.0,42.0
2018-11-20,44.79798,45.0,42.0,42.0,44.0
2018-11-21,45.0,42.0,42.0,44.0,43.0
2018-11-22,42.0,42.0,44.0,43.0,43.0
2018-11-23,42.0,44.0,43.0,43.0,42.51613
2018-11-24,44.0,43.0,43.0,42.51613,42.2903
2018-11-25,43.0,43.0,42.51613,42.2903,43.0
2018-11-26,43.0,42.51613,42.2903,43.0,40.0
2018-11-27,42.51613,42.2903,43.0,40.0,42.0
2018-11-28,42.2903,43.0,40.0,42.0,42.0
2018-11-29,43.0,40.0,42.0,42.0,30.51515
2018-11-30,40.0,42.0,42.0,30.51515,36.0
2018-12-01,42.0,42.0,30.51515,36.0,40.0
2018-12-02,42.0,30.51515,36.0,40.0,40.48281
2018-12-03,30.51515,36.0,40.0,40.48281,41.91814
2018-12-08,36.0,40.0,40.48281,41.91814,40.0
2018-12-09,40.0,40.48281,41.91814,40.0,40.0
2018-12-10,40.48281,41.91814,40.0,40.0,39.0
2018-12-11,41.91814,40.0,40.0,39.0,39.0
2018-12-12,40.0,40.0,39.0,39.0,39.0
2018-12-13,40.0,39.0,39.0,39.0,44.05495
2018-12-14,39.0,39.0,39.0,44.05495,49.86161
2018-12-15,39.0,39.0,44.05495,49.86161,49.0
2018-12-16,39.0,44.05495,49.86161,49.0,45.0
2018-12-17,44.05495,49.86161,49.0,45.0,44.0
2018-12-18,49.86161,49.0,45.0,44.0,43.32216
2018-12-19,49.0,45.0,44.0,43.32216,40.21411
2018-12-20,45.0,44.0,43.32216,40.21411,41.0
2018-12-21,44.0,43.32216,40.21411,41.0,40.35197
2018-12-22,43.32216,40.21411,41.0,40.35197,40.0
2018-12-23,40.21411,41.0,40.35197,40.0,39.0
2018-12-24,41.0,40.35197,40.0,39.0,39.68116
2018-12-25,40.35197,40.0,39.0,39.68116,40.0
2018-12-26,40.0,39.0,39.68116,40.0,40.0
2018-12-27,39.0,39.68116,40.0,40.0,41.0
2018-12-28,39.68116,40.0,40.0,41.0,40.0
2018-12-29,40.0,40.0,41.0,40.0,40.0
2018-12-30,40.0,41.0,40.0,40.0,40.0
2018-12-31,41.0,40.0,40.0,40.0,38.0
2019-01-01,40.0,40.0,40.0,38.0,39.0
2019-01-02,40.0,40.0,38.0,39.0,39.0
2019-01-03,40.0,38.0,39.0,39.0,38.0
2019-01-04,38.0,39.0,39.0,38.0,36.8806
2019-01-05,39.0,39.0,38.0,36.8806,35.0
2019-01-06,39.0,38.0,36.8806,35.0,36.0
2019-01-07,38.0,36.8806,35.0,36.0,34.27761
2019-01-08,36.8806,35.0,36.0,34.27761,35.24271
2019-01-09,35.0,36.0,34.27761,35.24271,38.0
2019-01-10,36.0,34.27761,35.24271,38.0,40.0
2019-01-11,34.27761,35.24271,38.0,40.0,43.00026
2019-01-12,35.24271,38.0,40.0,43.00026,42.00765
2019-01-13,38.0,40.0,43.00026,42.00765,43.0
2019-01-14,40.0,43.00026,42.00765,43.0,42.0
2019-01-15,43.00026,42.00765,43.0,42.0,45.0
2019-01-16,42.00765,43.0,42.0,45.0,44.0
2019-01-17,43.0,42.0,45.0,44.0,44.0
2019-01-18,42.0,45.0,44.0,44.0,42.0
2019-01-19,45.0,44.0,44.0,42.0,42.0
2019-01-20,44.0,44.0,42.0,42.0,41.63422
2019-01-21,44.0,42.0,42.0,41.63422,42.0
2019-01-22,42.0,42.0,41.63422,42.0,42.0
2019-01-23,42.0,41.63422,42.0,42.0,41.0
2019-01-24,41.63422,42.0,42.0,41.0,42.0
2019-01-25,42.0,42.0,41.0,42.0,42.0
2019-01-26,42.0,41.0,42.0,42.0,41.0
2019-01-27,41.0,42.0,42.0,41.0,42.0
2019-01-28,42.0,42.0,41.0,42.0,42.0
2019-01-29,42.0,41.0,42.0,42.0,43.0
2019-01-30,41.0,42.0,42.0,43.0,44.73004
2019-01-31,42.0,42.0,43.0,44.73004,45.0
2019-02-01,42.0,43.0,44.73004,45.0,45.0
2019-02-02,43.0,44.73004,45.0,45.0,45.0
2019-02-03,44.73004,45.0,45.0,45.0,45.0
2019-02-04,45.0,45.0,45.0,45.0,45.0
2019-02-05,45.0,45.0,45.0,45.0,45.51126
2019-02-06,45.0,45.0,45.0,45.51126,47.0
2019-02-07,45.0,45.0,45.51126,47.0,47.0
2019-02-08,45.0,45.51126,47.0,47.0,47.26016
2019-02-09,45.51126,47.0,47.0,47.26016,48.0
2019-02-10,47.0,47.0,47.26016,48.0,49.0
2019-02-11,47.0,47.26016,48.0,49.0,50.0
2019-02-12,47.26016,48.0,49.0,50.0,50.0
2019-02-13,48.0,49.0,50.0,50.0,50.0
2019-02-14,49.0,50.0,50.0,50.0,52.0
2019-02-15,50.0,50.0,50.0,52.0,54.0
2019-02-16,50.0,50.0,52.0,54.0,53.0
2019-02-17,50.0,52.0,54.0,53.0,52.4215
2019-02-18,52.0,54.0,53.0,52.4215,50.0
2019-02-19,54.0,53.0,52.4215,50.0,50.0
2019-02-20,53.0,52.4215,50.0,50.0,49.0
2019-02-21,52.4215,50.0,50.0,49.0,48.0
2019-02-22,50.0,50.0,49.0,48.0,47.0
2019-02-23,50.0,49.0,48.0,47.0,48.0
2019-02-24,49.0,48.0,47.0,48.0,47.0
2019-02-25,48.0,47.0,48.0,47.0,45.868
2019-02-26,47.0,48.0,47.0,45.868,45.0
2019-02-27,48.0,47.0,45.868,45.0,44.0
2019-02-28,47.0,45.868,45.0,44.0,45.0
2019-03-01,45.868,45.0,44.0,45.0,13.15484
2019-03-02,45.0,44.0,45.0,13.15484,17.0
2019-03-03,44.0,45.0,13.15484,17.0,20.0
2019-03-04,45.0,13.15484,17.0,20.0,19.0
2019-03-05,13.15484,17.0,20.0,19.0,17.0
2019-03-09,17.0,20.0,19.0,17.0,17.0
2019-03-10,20.0,19.0,17.0,17.0,19.0
2019-03-11,19.0,17.0,17.0,19.0,19.0
2019-03-12,17.0,17.0,19.0,19.0,20.0
2019-03-13,17.0,19.0,19.0,20.0,20.0
2019-03-14,19.0,19.0,20.0,20.0,20.0
2019-03-15,19.0,20.0,20.0,20.0,20.0
2019-03-16,20.0,20.0,20.0,20.0,20.0
2019-03-17,20.0,20.0,20.0,20.0,20.0
2019-03-18,20.0,20.0,20.0,20.0,18.0
2019-03-19,20.0,20.0,20.0,18.0,18.05555
2019-03-20,20.0,20.0,18.0,18.05555,15.0
2019-03-21,20.0,18.0,18.05555,15.0,14.0
2019-03-22,18.0,18.05555,15.0,14.0,14.0
2019-03-23,18.05555,15.0,14.0,14.0,14.0
2019-03-24,15.0,14.0,14.0,14.0,14.0
2019-03-25,14.0,14.0,14.0,14.0,14.0
2019-03-26,14.0,14.0,14.0,14.0,13.0
2019-03-27,14.0,14.0,14.0,13.0,12.0
2019-03-28,14.0,14.0,13.0,12.0,12.0
2019-03-29,14.0,13.0,12.0,12.0,12.0
2019-03-30,13.0,12.0,12.0,12.0,12.0
2019-03-31,12.0,12.0,12.0,12.0,12.0
2019-04-01,12.0,12.0,12.0,12.0,12.0
2019-04-02,12.0,12.0,12.0,12.0,12.0
2019-04-03,12.0,12.0,12.0,12.0,12.0
2019-04-04,12.0,12.0,12.0,12.0,12.0
2019-04-05,12.0,12.0,12.0,12.0,12.0
2019-04-06,12.0,12.0,12.0,12.0,11.0
2019-04-07,12.0,12.0,12.0,11.0,11.0
2019-04-08,12.0,12.0,11.0,11.0,10.0
2019-04-09,12.0,11.0,11.0,10.0,10.0
2019-04-10,11.0,11.0,10.0,10.0,9.0
2019-04-11,11.0,10.0,10.0,9.0,9.0
2019-04-12,10.0,10.0,9.0,9.0,8.0
2019-04-13,10.0,9.0,9.0,8.0,7.0
2019-04-14,9.0,9.0,8.0,7.0,7.0
2019-04-15,9.0,8.0,7.0,7.0,7.77778
2019-04-16,8.0,7.0,7.0,7.77778,7.96988
2019-04-17,7.0,7.0,7.77778,7.96988,7.0
2019-04-18,7.0,7.77778,7.96988,7.0,7.0
2019-04-19,7.77778,7.96988,7.0,7.0,7.0
2019-04-20,7.96988,7.0,7.0,7.0,7.0
2019-04-21,7.0,7.0,7.0,7.0,7.0
2019-04-22,7.0,7.0,7.0,7.0,7.0
2019-04-23,7.0,7.0,7.0,7.0,7.0
2019-04-24,7.0,7.0,7.0,7.0,7.0
2019-04-25,7.0,7.0,7.0,7.0,7.0
2019-04-26,7.0,7.0,7.0,7.0,7.0
2019-04-27,7.0,7.0,7.0,7.0,7.0
2019-04-28,7.0,7.0,7.0,7.0,7.0
2019-04-29,7.0,7.0,7.0,7.0,7.0
2019-04-30,7.0,7.0,7.0,7.0,7.0
2019-05-01,7.0,7.0,7.0,7.0,7.0
2019-05-02,7.0,7.0,7.0,7.0,7.0
2019-05-03,7.0,7.0,7.0,7.0,7.0
2019-05-04,7.0,7.0,7.0,7.0,7.0
2019-05-05,7.0,7.0,7.0,7.0,7.0
2019-05-06,7.0,7.0,7.0,7.0,7.0
2019-05-07,7.0,7.0,7.0,7.0,7.0
2019-05-08,7.0,7.0,7.0,7.0,7.1129
2019-05-09,7.0,7.0,7.0,7.1129,7.96118
2019-05-10,7.0,7.0,7.1129,7.96118,8.0
2019-05-11,7.0,7.1129,7.96118,8.0,8.0
2019-05-12,7.1129,7.96118,8.0,8.0,8.0
2019-05-13,7.96118,8.0,8.0,8.0,8.0
2019-05-14,8.0,8.0,8.0,8.0,8.0
2019-05-15,8.0,8.0,8.0,8.0,8.0
2019-05-16,8.0,8.0,8.0,8.0,8.0
2019-05-17,8.0,8.0,8.0,8.0,8.0
2019-05-18,8.0,8.0,8.0,8.0,7.0
2019-05-19,8.0,8.0,8.0,7.0,8.0
2019-05-20,8.0,8.0,7.0,8.0,7.44286
2019-05-21,8.0,7.0,8.0,7.44286,7.0
2019-05-22,7.0,8.0,7.44286,7.0,7.0
2019-05-23,8.0,7.44286,7.0,7.0,8.0
2019-05-24,7.44286,7.0,7.0,8.0,8.0
2019-05-25,7.0,7.0,8.0,8.0,8.0
2019-05-26,7.0,8.0,8.0,8.0,8.0
2019-05-27,8.0,8.0,8.0,8.0,7.39765
2019-05-28,8.0,8.0,8.0,7.39765,8.0
2019-05-29,8.0,8.0,7.39765,8.0,8.29069
2019-05-30,8.0,7.39765,8.0,8.29069,4.81818
2019-05-31,7.39765,8.0,8.29069,4.81818,7.0
2019-06-01,8.0,8.29069,4.81818,7.0,7.0
2019-06-02,8.29069,4.81818,7.0,7.0,8.9
2019-06-03,4.81818,7.0,7.0,8.9,12.93969
2019-06-04,7.0,7.0,8.9,12.93969,11.0
2019-06-08,7.0,8.9,12.93969,11.0,10.0
2019-06-09,8.9,12.93969,11.0,10.0,10.0
2019-06-10,12.93969,11.0,10.0,10.0,10.0
2019-06-11,11.0,10.0,10.0,10.0,9.13888
2019-06-12,10.0,10.0,10.0,9.13888,10.0
2019-06-13,10.0,10.0,9.13888,10.0,9.0
2019-06-14,10.0,9.13888,10.0,9.0,8.0
2019-06-15,9.13888,10.0,9.0,8.0,8.0
2019-06-16,10.0,9.0,8.0,8.0,7.0
2019-06-17,9.0,8.0,8.0,7.0,7.0
2019-06-18,8.0,8.0,7.0,7.0,7.0
2019-06-19,8.0,7.0,7.0,7.0,6.65481
2019-06-20,7.0,7.0,7.0,6.65481,6.0
2019-06-21,7.0,7.0,6.65481,6.0,5.51018
2019-06-22,7.0,6.65481,6.0,5.51018,5.0
2019-06-23,6.65481,6.0,5.51018,5.0,5.68245
2019-06-24,6.0,5.51018,5.0,5.68245,5.0
2019-06-25,5.51018,5.0,5.68245,5.0,5.0
2019-06-26,5.0,5.68245,5.0,5.0,4.0
2019-06-27,5.68245,5.0,5.0,4.0,4.0
2019-06-28,5.0,5.0,4.0,4.0,4.0
2019-06-29,5.0,4.0,4.0,4.0,3.0
2019-06-30,4.0,4.0,4.0,3.0,3.0
2019-07-01,4.0,4.0,3.0,3.0,3.0
2019-07-02,4.0,3.0,3.0,3.0,3.0
2019-07-03,3.0,3.0,3.0,3.0,3.0
2019-07-04,3.0,3.0,3.0,3.0,3.0
2019-07-05,3.0,3.0,3.0,3.0,2.958
2019-07-06,3.0,3.0,3.0,2.958,2.0
2019-07-07,3.0,3.0,2.958,2.0,2.0
2019-07-08,3.0,2.958,2.0,2.0,2.0
2019-07-09,2.958,2.0,2.0,2.0,2.0
2019-07-10,2.0,2.0,2.0,2.0,2.0
2019-07-11,2.0,2.0,2.0,2.0,2.0
2019-07-12,2.0,2.0,2.0,2.0,2.0
2019-07-13,2.0,2.0,2.0,2.0,2.0
2019-07-14,2.0,2.0,2.0,2.0,2.0
2019-07-15,2.0,2.0,2.0,2.0,2.0
2019-07-16,2.0,2.0,2.0,2.0,2.0
2019-07-17,2.0,2.0,2.0,2.0,2.0
2019-07-18,2.0,2.0,2.0,2.0,2.0
2019-07-19,2.0,2.0,2.0,2.0,2.0
2019-07-20,2.0,2.0,2.0,2.0,2.0
2019-07-21,2.0,2.0,2.0,2.0,2.0
2019-07-22,2.0,2.0,2.0,2.0,2.0
2019-07-23,2.0,2.0,2.0,2.0,2.0
2019-07-24,2.0,2.0,2.0,2.0,2.0
2019-07-25,2.0,2.0,2.0,2.0,2.0
2019-07-26,2.0,2.0,2.0,2.0,2.0
2019-07-27,2.0,2.0,2.0,2.0,2.0
2019-07-28,2.0,2.0,2.0,2.0,2.0
2019-07-29,2.0,2.0,2.0,2.0,2.0
2019-07-30,2.0,2.0,2.0,2.0,2.0
2019-07-31,2.0,2.0,2.0,2.0,2.0
2019-08-01,2.0,2.0,2.0,2.0,2.0
2019-08-02,2.0,2.0,2.0,2.0,2.0
2019-08-03,2.0,2.0,2.0,2.0,2.0
2019-08-04,2.0,2.0,2.0,2.0,2.0
2019-08-05,2.0,2.0,2.0,2.0,2.0
2019-08-06,2.0,2.0,2.0,2.0,2.0
2019-08-07,2.0,2.0,2.0,2.0,2.0
2019-08-08,2.0,2.0,2.0,2.0,2.0
2019-08-09,2.0,2.0,2.0,2.0,2.0
2019-08-10,2.0,2.0,2.0,2.0,2.0
2019-08-11,2.0,2.0,2.0,2.0,2.0
2019-08-12,2.0,2.0,2.0,2.0,2.0
2019-08-13,2.0,2.0,2.0,2.0,2.0
2019-08-14,2.0,2.0,2.0,2.0,2.0
2019-08-15,2.0,2.0,2.0,2.0,2.0
2019-08-16,2.0,2.0,2.0,2.0,2.0
2019-08-17,2.0,2.0,2.0,2.0,2.0
2019-08-18,2.0,2.0,2.0,2.0,2.0
2019-08-19,2.0,2.0,2.0,2.0,2.0
2019-08-20,2.0,2.0,2.0,2.0,2.0
2019-08-21,2.0,2.0,2.0,2.0,2.0
2019-08-22,2.0,2.0,2.0,2.0,2.0
2019-08-23,2.0,2.0,2.0,2.0,2.0
2019-08-24,2.0,2.0,2.0,2.0,2.0
2019-08-25,2.0,2.0,2.0,2.0,2.0
2019-08-26,2.0,2.0,2.0,2.0,2.0
2019-08-27,2.0,2.0,2.0,2.0,2.0
2019-08-28,2.0,2.0,2.0,2.0,2.0
2019-08-29,2.0,2.0,2.0,2.0,15.21935
2019-08-30,2.0,2.0,2.0,15.21935,14.31755
2019-08-31,2.0,2.0,15.21935,14.31755,22.71114
2019-09-01,2.0,15.21935,14.31755,22.71114,16.90135
2019-09-02,15.21935,14.31755,22.71114,16.90135,12.0
2019-09-07,14.31755,22.71114,16.90135,12.0,11.0
2019-09-08,22.71114,16.90135,12.0,11.0,10.0
2019-09-09,16.90135,12.0,11.0,10.0,10.0
2019-09-10,12.0,11.0,10.0,10.0,12.96923
2019-09-11,11.0,10.0,10.0,12.96923,13.0
2019-09-12,10.0,10.0,12.96923,13.0,11.86025
2019-09-13,10.0,12.96923,13.0,11.86025,11.0
2019-09-14,12.96923,13.0,11.86025,11.0,10.0
2019-09-15,13.0,11.86025,11.0,10.0,9.0
2019-09-16,11.86025,11.0,10.0,9.0,9.0
2019-09-17,11.0,10.0,9.0,9.0,9.0
2019-09-18,10.0,9.0,9.0,9.0,9.9
2019-09-19,9.0,9.0,9.0,9.9,10.0
2019-09-20,9.0,9.0,9.9,10.0,10.0
2019-09-21,9.0,9.9,10.0,10.0,10.0
2019-09-22,9.9,10.0,10.0,10.0,9.53565
2019-09-23,10.0,10.0,10.0,9.53565,10.0
2019-09-24,10.0,10.0,9.53565,10.0,10.0
2019-09-25,10.0,9.53565,10.0,10.0,11.0
2019-09-26,9.53565,10.0,10.0,11.0,12.0
2019-09-27,10.0,10.0,11.0,12.0,13.0
2019-09-28,10.0,11.0,12.0,13.0,13.88023
2019-09-29,11.0,12.0,13.0,13.88023,14.0
2019-09-30,12.0,13.0,13.88023,14.0,15.0
2019-10-01,13.0,13.88023,14.0,15.0,15.89809
2019-10-02,13.88023,14.0,15.0,15.89809,14.0
2019-10-03,14.0,15.0,15.89809,14.0,14.0
2019-10-04,15.0,15.89809,14.0,14.0,13.0
2019-10-05,15.89809,14.0,14.0,13.0,13.0
2019-10-06,14.0,14.0,13.0,13.0,13.29138
2019-10-07,14.0,13.0,13.0,13.29138,14.0
2019-10-08,13.0,13.0,13.29138,14.0,14.0
2019-10-09,13.0,13.29138,14.0,14.0,13.0
2019-10-10,13.29138,14.0,14.0,13.0,12.0
2019-10-11,14.0,14.0,13.0,12.0,12.0
2019-10-12,14.0,13.0,12.0,12.0,12.0
2019-10-13,13.0,12.0,12.0,12.0,12.0
2019-10-14,12.0,12.0,12.0,12.0,12.0
2019-10-15,12.0,12.0,12.0,12.0,12.0
2019-10-16,12.0,12.0,12.0,12.0,11.0
2019-10-17,12.0,12.0,12.0,11.0,10.95854
2019-10-18,12.0,12.0,11.0,10.95854,10.0
2019-10-19,12.0,11.0,10.95854,10.0,10.0
2019-10-20,11.0,10.95854,10.0,10.0,10.0
2019-10-21,10.95854,10.0,10.0,10.0,10.0
2019-10-22,10.0,10.0,10.0,10.0,10.0
2019-10-23,10.0,10.0,10.0,10.0,10.0
2019-10-24,10.0,10.0,10.0,10.0,9.20535
2019-10-25,10.0,10.0,10.0,9.20535,9.0
2019-10-26,10.0,10.0,9.20535,9.0,8.0
2019-10-27,10.0,9.20535,9.0,8.0,7.97222
2019-10-28,9.20535,9.0,8.0,7.97222,8.0
2019-10-29,9.0,8.0,7.97222,8.0,8.0
2019-10-30,8.0,7.97222,8.0,8.0,8.0
2019-10-31,7.97222,8.0,8.0,8.0,8.0
2019-11-01,8.0,8.0,8.0,8.0,8.0
2019-11-02,8.0,8.0,8.0,8.0,8.0
2019-11-03,8.0,8.0,8.0,8.0,8.0
2019-11-04,8.0,8.0,8.0,8.0,8.0
2019-11-05,8.0,8.0,8.0,8.0,8.0
2019-11-06,8.0,8.0,8.0,8.0,8.0
2019-11-07,8.0,8.0,8.0,8.0,9.0
2019-11-08,8.0,8.0,8.0,9.0,9.0
2019-11-09,8.0,8.0,9.0,9.0,8.0
2019-11-10,8.0,9.0,9.0,8.0,9.0
2019-11-11,9.0,9.0,8.0,9.0,8.0
2019-11-12,9.0,8.0,9.0,8.0,7.0
2019-11-13,8.0,9.0,8.0,7.0,7.21517
2019-11-14,9.0,8.0,7.0,7.21517,7.70467
2019-11-15,8.0,7.0,7.21517,7.70467,7.00036
2019-11-16,7.0,7.21517,7.70467,7.00036,7.0
2019-11-17,7.21517,7.70467,7.00036,7.0,7.45918
2019-11-18,7.70467,7.00036,7.0,7.45918,7.90212
2019-11-19,7.00036,7.0,7.45918,7.90212,8.0
2019-11-20,7.0,7.45918,7.90212,8.0,8.0
2019-11-21,7.45918,7.90212,8.0,8.0,8.0
2019-11-22,7.90212,8.0,8.0,8.0,7.0
2019-11-23,8.0,8.0,8.0,7.0,8.0
2019-11-24,8.0,8.0,7.0,8.0,8.26824
2019-11-25,8.0,7.0,8.0,8.26824,10.0
2019-11-26,7.0,8.0,8.26824,10.0,10.0
2019-11-27,8.0,8.26824,10.0,10.0,10.0
2019-11-28,8.26824,10.0,10.0,10.0,10.0
2019-11-29,10.0,10.0,10.0,10.0,8.0
2019-11-30,10.0,10.0,10.0,8.0,8.0
2019-12-01,10.0,10.0,8.0,8.0,8.0
2019-12-02,10.0,8.0,8.0,8.0,8.0
2019-12-03,8.0,8.0,8.0,8.0,8.0
2019-12-04,8.0,8.0,8.0,8.0,8.0
2019-12-05,8.0,8.0,8.0,8.0,8.0
2019-12-06,8.0,8.0,8.0,8.0,11.0
2019-12-07,8.0,8.0,8.0,11.0,10.0
2019-12-08,8.0,8.0,11.0,10.0,10.0
2019-12-09,8.0,11.0,10.0,10.0,10.0
2019-12-14,11.0,10.0,10.0,10.0,10.0
2019-12-15,10.0,10.0,10.0,10.0,10.0
2019-12-16,10.0,10.0,10.0,10.0,8.0
2019-12-17,10.0,10.0,10.0,8.0,8.0
2019-12-18,10.0,10.0,8.0,8.0,8.0
2019-12-19,10.0,8.0,8.0,8.0,8.0
2019-12-20,8.0,8.0,8.0,8.0,8.0
2019-12-21,8.0,8.0,8.0,8.0,7.0
2019-12-22,8.0,8.0,8.0,7.0,7.0
2019-12-23,8.0,8.0,7.0,7.0,7.0
2019-12-24,8.0,7.0,7.0,7.0,7.0
2019-12-25,7.0,7.0,7.0,7.0,7.0
2019-12-26,7.0,7.0,7.0,7.0,6.57147
2019-12-27,7.0,7.0,7.0,6.57147,6.0
2019-12-28,7.0,7.0,6.57147,6.0,6.0
2019-12-29,7.0,6.57147,6.0,6.0,5.99917
2019-12-30,6.57147,6.0,6.0,5.99917,6.0
2019-12-31,6.0,6.0,5.99917,6.0,6.0
2020-01-01,6.0,5.99917,6.0,6.0,6.0
2020-01-02,5.99917,6.0,6.0,6.0,5.0
2020-01-03,6.0,6.0,6.0,5.0,5.0
2020-01-04,6.0,6.0,5.0,5.0,5.90948
2020-01-05,6.0,5.0,5.0,5.90948,5.0
2020-01-06,5.0,5.0,5.90948,5.0,5.0
2020-01-07,5.0,5.90948,5.0,5.0,5.0
2020-01-08,5.90948,5.0,5.0,5.0,5.0
2020-01-09,5.0,5.0,5.0,5.0,5.0
2020-01-10,5.0,5.0,5.0,5.0,5.0
2020-01-11,5.0,5.0,5.0,5.0,4.0
2020-01-12,5.0,5.0,5.0,4.0,4.0
2020-01-13,5.0,5.0,4.0,4.0,4.0
2020-01-14,5.0,4.0,4.0,4.0,4.0
2020-01-15,4.0,4.0,4.0,4.0,4.0
2020-01-16,4.0,4.0,4.0,4.0,3.82696
2020-01-17,4.0,4.0,4.0,3.82696,3.0
2020-01-18,4.0,4.0,3.82696,3.0,4.0
2020-01-19,4.0,3.82696,3.0,4.0,4.0
2020-01-20,3.82696,3.0,4.0,4.0,4.0
2020-01-21,3.0,4.0,4.0,4.0,4.0
2020-01-22,4.0,4.0,4.0,4.0,4.0
2020-01-23,4.0,4.0,4.0,4.0,4.0
2020-01-24,4.0,4.0,4.0,4.0,4.0
2020-01-25,4.0,4.0,4.0,4.0,3.96147
2020-01-26,4.0,4.0,4.0,3.96147,4.0
2020-01-27,4.0,4.0,3.96147,4.0,3.0
2020-01-28,4.0,3.96147,4.0,3.0,3.69983
2020-01-29,3.96147,4.0,3.0,3.69983,3.67174
2020-01-30,4.0,3.0,3.69983,3.67174,4.0
2020-01-31,3.0,3.69983,3.67174,4.0,3.0
2020-02-01,3.69983,3.67174,4.0,3.0,3.0
2020-02-02,3.67174,4.0,3.0,3.0,3.87741
2020-02-03,4.0,3.0,3.0,3.87741,3.82905
2020-02-04,3.0,3.0,3.87741,3.82905,3.74325
2020-02-05,3.0,3.87741,3.82905,3.74325,3.87561
2020-02-06,3.87741,3.82905,3.74325,3.87561,3.79403
2020-02-07,3.82905,3.74325,3.87561,3.79403,3.0
2020-02-08,3.74325,3.87561,3.79403,3.0,3.0
2020-02-09,3.87561,3.79403,3.0,3.0,3.76054
2020-02-10,3.79403,3.0,3.0,3.76054,4.0
2020-02-11,3.0,3.0,3.76054,4.0,3.87553
2020-02-12,3.0,3.76054,4.0,3.87553,3.86874
2020-02-13,3.76054,4.0,3.87553,3.86874,3.0
2020-02-14,4.0,3.87553,3.86874,3.0,3.0
2020-02-15,3.87553,3.86874,3.0,3.0,3.0
2020-02-16,3.86874,3.0,3.0,3.0,3.0
2020-02-17,3.0,3.0,3.0,3.0,3.0
2020-02-18,3.0,3.0,3.0,3.0,3.0
2020-02-19,3.0,3.0,3.0,3.0,3.0
2020-02-20,3.0,3.0,3.0,3.0,3.0
2020-02-21,3.0,3.0,3.0,3.0,3.0
2020-02-22,3.0,3.0,3.0,3.0,3.0
2020-02-23,3.0,3.0,3.0,3.0,3.0
2020-02-24,3.0,3.0,3.0,3.0,3.0
2020-02-25,3.0,3.0,3.0,3.0,3.0
2020-02-26,3.0,3.0,3.0,3.0,3.0
2020-02-27,3.0,3.0,3.0,3.0,3.0
2020-02-28,3.0,3.0,3.0,3.0,3.0
2020-02-29,3.0,3.0,3.0,3.0,3.0
2020-03-01,3.0,3.0,3.0,3.0,2.0
2020-03-02,3.0,3.0,3.0,2.0,2.0
2020-03-03,3.0,3.0,2.0,2.0,2.2483
2020-03-04,3.0,2.0,2.0,2.2483,2.40264
2020-03-05,2.0,2.0,2.2483,2.40264,5.0
2020-03-06,2.0,2.2483,2.40264,5.0,4.0
2020-03-07,2.2483,2.40264,5.0,4.0,4.0
2020-03-08,2.40264,5.0,4.0,4.0,5.0
2020-03-09,5.0,4.0,4.0,5.0,5.0
2020-03-14,4.0,4.0,5.0,5.0,4.0
2020-03-15,4.0,5.0,5.0,4.0,3.50003
2020-03-16,5.0,5.0,4.0,3.50003,3.0
2020-03-17,5.0,4.0,3.50003,3.0,3.0
2020-03-18,4.0,3.50003,3.0,3.0,3.0
2020-03-19,3.50003,3.0,3.0,3.0,3.0
2020-03-20,3.0,3.0,3.0,3.0,3.0
2020-03-21,3.0,3.0,3.0,3.0,2.77594
2020-03-22,3.0,3.0,3.0,2.77594,2.0
2020-03-23,3.0,3.0,2.77594,2.0,2.0
2020-03-24,3.0,2.77594,2.0,2.0,2.0
2020-03-25,2.77594,2.0,2.0,2.0,1.9894
2020-03-26,2.0,2.0,2.0,1.9894,2.0
2020-03-27,2.0,2.0,1.9894,2.0,1.99287
2020-03-28,2.0,1.9894,2.0,1.99287,2.0
2020-03-29,1.9894,2.0,1.99287,2.0,2.0
2020-03-30,2.0,1.99287,2.0,2.0,2.0
2020-03-31,1.99287,2.0,2.0,2.0,1.5
2020-04-01,2.0,2.0,2.0,1.5,1.5
2020-04-02,2.0,2.0,1.5,1.5,1.0
2020-04-03,2.0,1.5,1.5,1.0,1.34082
2020-04-04,1.5,1.5,1.0,1.34082,1.0
2020-04-05,1.5,1.0,1.34082,1.0,1.0018
2020-04-06,1.0,1.34082,1.0,1.0018,1.0
2020-04-07,1.34082,1.0,1.0018,1.0,1.0
2020-04-08,1.0,1.0018,1.0,1.0,1.0
2020-04-09,1.0018,1.0,1.0,1.0,1.0
2020-04-15,1.0,1.0,1.0,1.0,1.0
2020-04-16,1.0,1.0,1.0,1.0,1.0
2020-04-17,1.0,1.0,1.0,1.0,1.0
2020-04-18,1.0,1.0,1.0,1.0,1.0
2020-04-19,1.0,1.0,1.0,1.0,1.0
2020-04-20,1.0,1.0,1.0,1.0,1.0
2020-04-21,1.0,1.0,1.0,1.0,1.0
2020-04-22,1.0,1.0,1.0,1.0,1.0
2020-04-23,1.0,1.0,1.0,1.0,1.0
2020-04-24,1.0,1.0,1.0,1.0,1.0
2020-04-25,1.0,1.0,1.0,1.0,1.0
2020-04-26,1.0,1.0,1.0,1.0,1.0
2020-04-27,1.0,1.0,1.0,1.0,1.0
2020-04-28,1.0,1.0,1.0,1.0,1.0
2020-04-29,1.0,1.0,1.0,1.0,1.0
2020-04-30,1.0,1.0,1.0,1.0,1.0
2020-05-01,1.0,1.0,1.0,1.0,1.0
2020-05-02,1.0,1.0,1.0,1.0,1.0
2020-05-03,1.0,1.0,1.0,1.0,1.0
2020-05-04,1.0,1.0,1.0,1.0,1.0
2020-05-05,1.0,1.0,1.0,1.0,1.0
2020-05-06,1.0,1.0,1.0,1.0,1.0
2020-05-07,1.0,1.0,1.0,1.0,1.0
2020-05-08,1.0,1.0,1.0,1.0,1.0
2020-05-09,1.0,1.0,1.0,1.0,1.0
2020-05-10,1.0,1.0,1.0,1.0,1.0
2020-05-11,1.0,1.0,1.0,1.0,1.0
2020-05-12,1.0,1.0,1.0,1.0,1.0
2020-05-13,1.0,1.0,1.0,1.0,1.0
2020-05-14,1.0,1.0,1.0,1.0,1.0
2020-05-15,1.0,1.0,1.0,1.0,1.0
2020-05-16,1.0,1.0,1.0,1.0,1.0
2020-05-17,1.0,1.0,1.0,1.0,1.0
2020-05-18,1.0,1.0,1.0,1.0,1.0
2020-05-19,1.0,1.0,1.0,1.0,1.0
2020-05-20,1.0,1.0,1.0,1.0,1.0
2020-05-21,1.0,1.0,1.0,1.0,1.0
2020-05-22,1.0,1.0,1.0,1.0,1.0
2020-05-23,1.0,1.0,1.0,1.0,1.0
2020-05-24,1.0,1.0,1.0,1.0,1.0
2020-05-25,1.0,1.0,1.0,1.0,1.0
2020-05-26,1.0,1.0,1.0,1.0,1.0
2020-05-27,1.0,1.0,1.0,1.0,1.0
2020-05-28,1.0,1.0,1.0,1.0,1.0
2020-05-29,1.0,1.0,1.0,1.0,1.0
2020-05-30,1.0,1.0,1.0,1.0,0.99552
2020-05-31,1.0,1.0,1.0,0.99552,1.0
2020-06-01,1.0,1.0,0.99552,1.0,1.0
2020-06-02,1.0,0.99552,1.0,1.0,0.99105
2020-06-03,0.99552,1.0,1.0,0.99105,0.99923
2020-06-04,1.0,1.0,0.99105,0.99923,1.0
2020-06-05,1.0,0.99105,0.99923,1.0,0.99567
2020-06-06,0.99105,0.99923,1.0,0.99567,1.0
2020-06-07,0.99923,1.0,0.99567,1.0,1.0
2020-06-08,1.0,0.99567,1.0,1.0,1.0
2020-06-09,0.99567,1.0,1.0,1.0,1.0
2020-06-10,1.0,1.0,1.0,1.0,1.0
2020-06-11,1.0,1.0,1.0,1.0,9.0
2020-06-12,1.0,1.0,1.0,9.0,10.0
2020-06-13,1.0,1.0,9.0,10.0,15.51657
2020-06-14,1.0,9.0,10.0,15.51657,11.0
2020-06-15,9.0,10.0,15.51657,11.0,10.0
2020-06-20,10.0,15.51657,11.0,10.0,10.0
2020-06-21,15.51657,11.0,10.0,10.0,9.0
2020-06-22,11.0,10.0,10.0,9.0,8.61452
2020-06-23,10.0,10.0,9.0,8.61452,9.0
2020-06-24,10.0,9.0,8.61452,9.0,7.91567
2020-06-25,9.0,8.61452,9.0,7.91567,7.0
2020-06-26,8.61452,9.0,7.91567,7.0,6.97259
2020-06-27,9.0,7.91567,7.0,6.97259,7.0
2020-06-28,7.91567,7.0,6.97259,7.0,8.0
2020-06-29,7.0,6.97259,7.0,8.0,8.0
2020-06-30,6.97259,7.0,8.0,8.0,8.0
2020-07-01,7.0,8.0,8.0,8.0,7.7428
2020-07-02,8.0,8.0,8.0,7.7428,8.0
2020-07-03,8.0,8.0,7.7428,8.0,7.0
2020-07-04,8.0,7.7428,8.0,7.0,6.2545
2020-07-05,7.7428,8.0,7.0,6.2545,6.0
2020-07-06,8.0,7.0,6.2545,6.0,5.0
2020-07-07,7.0,6.2545,6.0,5.0,5.0
2020-07-08,6.2545,6.0,5.0,5.0,4.0
2020-07-09,6.0,5.0,5.0,4.0,4.02497
2020-07-10,5.0,5.0,4.0,4.02497,4.0
2020-07-11,5.0,4.0,4.02497,4.0,4.82658
2020-07-12,4.0,4.02497,4.0,4.82658,6.0
2020-07-13,4.02497,4.0,4.82658,6.0,6.0
2020-07-14,4.0,4.82658,6.0,6.0,6.0
2020-07-15,4.82658,6.0,6.0,6.0,5.05494
2020-07-16,6.0,6.0,6.0,5.05494,5.0
2020-07-17,6.0,6.0,5.05494,5.0,4.0
2020-07-18,6.0,5.05494,5.0,4.0,3.0
2020-07-19,5.05494,5.0,4.0,3.0,3.0
2020-07-20,5.0,4.0,3.0,3.0,2.70399
2020-07-21,4.0,3.0,3.0,2.70399,2.0
2020-07-22,3.0,3.0,2.70399,2.0,2.0
2020-07-23,3.0,2.70399,2.0,2.0,2.0
2020-07-24,2.70399,2.0,2.0,2.0,2.0
2020-07-25,2.0,2.0,2.0,2.0,2.0
2020-07-26,2.0,2.0,2.0,2.0,1.84227
2020-07-27,2.0,2.0,2.0,1.84227,1.58417
2020-07-28,2.0,2.0,1.84227,1.58417,1.5
2020-07-29,2.0,1.84227,1.58417,1.5,1.5
2020-07-30,1.84227,1.58417,1.5,1.5,1.5
2020-07-31,1.58417,1.5,1.5,1.5,1.5
2020-08-01,1.5,1.5,1.5,1.5,1.5
2020-08-02,1.5,1.5,1.5,1.5,1.5
2020-08-03,1.5,1.5,1.5,1.5,1.5
2020-08-04,1.5,1.5,1.5,1.5,1.49242
2020-08-05,1.5,1.5,1.5,1.49242,1.5
2020-08-06,1.5,1.5,1.49242,1.5,1.5
2020-08-07,1.5,1.49242,1.5,1.5,1.5
2020-08-08,1.49242,1.5,1.5,1.5,1.5
2020-08-09,1.5,1.5,1.5,1.5,1.49381
2020-08-10,1.5,1.5,1.5,1.49381,1.5
2020-08-11,1.5,1.5,1.49381,1.5,1.5
2020-08-12,1.5,1.49381,1.5,1.5,1.5
2020-08-13,1.49381,1.5,1.5,1.5,1.5
2020-08-14,1.5,1.5,1.5,1.5,1.5
2020-08-15,1.5,1.5,1.5,1.5,1.5
2020-08-16,1.5,1.5,1.5,1.5,1.5
2020-08-17,1.5,1.5,1.5,1.5,1.5
2020-08-18,1.5,1.5,1.5,1.5,1.5
2020-08-19,1.5,1.5,1.5,1.5,1.48544
2020-08-20,1.5,1.5,1.5,1.48544,1.5
2020-08-21,1.5,1.5,1.48544,1.5,1.5
2020-08-22,1.5,1.48544,1.5,1.5,1.5
2020-08-23,1.48544,1.5,1.5,1.5,1.48883
2020-08-24,1.5,1.5,1.5,1.48883,1.49763
2020-08-25,1.5,1.5,1.48883,1.49763,1.5
2020-08-26,1.5,1.48883,1.49763,1.5,1.5
2020-08-27,1.48883,1.49763,1.5,1.5,1.5
2020-08-28,1.49763,1.5,1.5,1.5,1.46489
2020-08-29,1.5,1.5,1.5,1.46489,1.37333
2020-08-30,1.5,1.5,1.46489,1.37333,1.34482
2020-08-31,1.5,1.46489,1.37333,1.34482,1.36014
2020-09-01,1.46489,1.37333,1.34482,1.36014,1.49082
2020-09-02,1.37333,1.34482,1.36014,1.49082,1.40001
2020-09-03,1.34482,1.36014,1.49082,1.40001,1.4
2020-09-04,1.36014,1.49082,1.40001,1.4,1.23949
2020-09-05,1.49082,1.40001,1.4,1.23949,1.3612
2020-09-06,1.40001,1.4,1.23949,1.3612,1.36964
2020-09-07,1.4,1.23949,1.3612,1.36964,1.35892
2020-09-08,1.23949,1.3612,1.36964,1.35892,1.35813
2020-09-09,1.3612,1.36964,1.35892,1.35813,1.13637
2020-09-10,1.36964,1.35892,1.35813,1.13637,5.0
2020-09-11,1.35892,1.35813,1.13637,5.0,5.0
2020-09-12,1.35813,1.13637,5.0,5.0,5.0
2020-09-13,1.13637,5.0,5.0,5.0,5.0
2020-09-14,5.0,5.0,5.0,5.0,4.0
2020-09-19,5.0,5.0,5.0,4.0,4.0
2020-09-20,5.0,5.0,4.0,4.0,4.0
2020-09-21,5.0,4.0,4.0,4.0,4.0
2020-09-22,4.0,4.0,4.0,4.0,4.0
2020-09-23,4.0,4.0,4.0,4.0,4.0
2020-09-24,4.0,4.0,4.0,4.0,4.0
2020-09-25,4.0,4.0,4.0,4.0,3.0
2020-09-26,4.0,4.0,4.0,3.0,2.8353
2020-09-27,4.0,4.0,3.0,2.8353,2.0
2020-09-28,4.0,3.0,2.8353,2.0,2.0
2020-09-29,3.0,2.8353,2.0,2.0,1.88889
2020-09-30,2.8353,2.0,2.0,1.88889,1.75423
2020-10-01,2.0,2.0,1.88889,1.75423,1.5
2020-10-02,2.0,1.88889,1.75423,1.5,1.0
2020-10-03,1.88889,1.75423,1.5,1.0,1.0
2020-10-04,1.75423,1.5,1.0,1.0,1.0
2020-10-05,1.5,1.0,1.0,1.0,1.0
2020-10-06,1.0,1.0,1.0,1.0,1.0
2020-10-07,1.0,1.0,1.0,1.0,1.0
2020-10-08,1.0,1.0,1.0,1.0,1.0
2020-10-09,1.0,1.0,1.0,1.0,1.0
2020-10-10,1.0,1.0,1.0,1.0,1.0
2020-10-11,1.0,1.0,1.0,1.0,1.0
2020-10-12,1.0,1.0,1.0,1.0,1.0
2020-10-13,1.0,1.0,1.0,1.0,1.0
2020-10-14,1.0,1.0,1.0,1.0,1.0
2020-10-15,1.0,1.0,1.0,1.0,1.0
2020-10-16,1.0,1.0,1.0,1.0,1.0
2020-10-17,1.0,1.0,1.0,1.0,1.0
2020-10-18,1.0,1.0,1.0,1.0,1.0
2020-10-19,1.0,1.0,1.0,1.0,1.0
2020-10-20,1.0,1.0,1.0,1.0,1.0
2020-10-21,1.0,1.0,1.0,1.0,1.0
2020-10-22,1.0,1.0,1.0,1.0,1.0
2020-10-23,1.0,1.0,1.0,1.0,1.0
2020-10-24,1.0,1.0,1.0,1.0,1.0
2020-10-25,1.0,1.0,1.0,1.0,1.0
2020-10-26,1.0,1.0,1.0,1.0,1.0
2020-10-27,1.0,1.0,1.0,1.0,1.0
2020-10-28,1.0,1.0,1.0,1.0,1.0
2020-10-29,1.0,1.0,1.0,1.0,1.0
2020-10-30,1.0,1.0,1.0,1.0,0.99495
2020-10-31,1.0,1.0,1.0,0.99495,0.98447
2020-11-01,1.0,1.0,0.99495,0.98447,0.98362
2020-11-02,1.0,0.99495,0.98447,0.98362,0.9835
2020-11-03,0.99495,0.98447,0.98362,0.9835,0.97825
2020-11-04,0.98447,0.98362,0.9835,0.97825,0.96655
2020-11-05,0.98362,0.9835,0.97825,0.96655,0.9635
2020-11-06,0.9835,0.97825,0.96655,0.9635,0.96415
2020-11-07,0.97825,0.96655,0.9635,0.96415,0.9631
2020-11-08,0.96655,0.9635,0.96415,0.9631,0.96338
2020-11-09,0.9635,0.96415,0.9631,0.96338,0.96487
2020-11-10,0.96415,0.9631,0.96338,0.96487,0.97061
2020-11-11,0.9631,0.96338,0.96487,0.97061,0.97675
2020-11-12,0.96338,0.96487,0.97061,0.97675,0.98333
2020-11-13,0.96487,0.97061,0.97675,0.98333,0.99185
2020-11-14,0.97061,0.97675,0.98333,0.99185,0.99622
2020-11-15,0.97675,0.98333,0.99185,0.99622,1.0
2020-11-16,0.98333,0.99185,0.99622,1.0,0.98976
2020-11-17,0.99185,0.99622,1.0,0.98976,0.96668
2020-11-18,0.99622,1.0,0.98976,0.96668,0.95085
2020-11-19,1.0,0.98976,0.96668,0.95085,0.97398
2020-11-20,0.98976,0.96668,0.95085,0.97398,0.96667
2020-11-21,0.96668,0.95085,0.97398,0.96667,0.97421
2020-11-22,0.95085,0.97398,0.96667,0.97421,0.98329
2020-11-23,0.97398,0.96667,0.97421,0.98329,0.98325
2020-11-24,0.96667,0.97421,0.98329,0.98325,0.97828
2020-11-25,0.97421,0.98329,0.98325,0.97828,0.99293
2020-11-26,0.98329,0.98325,0.97828,0.99293,0.97749
2020-11-27,0.98325,0.97828,0.99293,0.97749,0.9822
2020-11-28,0.97828,0.99293,0.97749,0.9822,0.98588
2020-11-29,0.99293,0.97749,0.9822,0.98588,1.0
2020-11-30,0.97749,0.9822,0.98588,1.0,1.0
2020-12-01,0.9822,0.98588,1.0,1.0,1.0
2020-12-02,0.98588,1.0,1.0,1.0,1.0
2020-12-03,1.0,1.0,1.0,1.0,1.0
2020-12-04,1.0,1.0,1.0,1.0,1.0
2020-12-05,1.0,1.0,1.0,1.0,1.0
2020-12-06,1.0,1.0,1.0,1.0,0.98677
2020-12-07,1.0,1.0,1.0,0.98677,1.0
2020-12-08,1.0,1.0,0.98677,1.0,0.98853
2020-12-09,1.0,0.98677,1.0,0.98853,0.97346
2020-12-10,0.98677,1.0,0.98853,0.97346,0.9721
2020-12-11,1.0,0.98853,0.97346,0.9721,0.94488
2020-12-12,0.98853,0.97346,0.9721,0.94488,0.96648
2020-12-13,0.97346,0.9721,0.94488,0.96648,0.96825
2020-12-14,0.9721,0.94488,0.96648,0.96825,0.96965
2020-12-15,0.94488,0.96648,0.96825,0.96965,0.97778
2020-12-16,0.96648,0.96825,0.96965,0.97778,0.956
2020-12-17,0.96825,0.96965,0.97778,0.956,0.9561
2020-12-18,0.96965,0.97778,0.956,0.9561,0.84653
2020-12-19,0.97778,0.956,0.9561,0.84653,0.8
2020-12-20,0.956,0.9561,0.84653,0.8,0.93355
2020-12-21,0.9561,0.84653,0.8,0.93355,0.97597
2020-12-22,0.84653,0.8,0.93355,0.97597,0.97356
2020-12-23,0.8,0.93355,0.97597,0.97356,0.95987
2020-12-24,0.93355,0.97597,0.97356,0.95987,0.97069
2020-12-25,0.97597,0.97356,0.95987,0.97069,0.97605
2020-12-26,0.97356,0.95987,0.97069,0.97605,0.98822
2020-12-27,0.95987,0.97069,0.97605,0.98822,0.99189
2020-12-28,0.97069,0.97605,0.98822,0.99189,1.0
2020-12-29,0.97605,0.98822,0.99189,1.0,1.0
2020-12-30,0.98822,0.99189,1.0,1.0,1.0
2020-12-31,0.99189,1.0,1.0,1.0,1.0
2021-01-01,1.0,1.0,1.0,1.0,1.0
2021-01-02,1.0,1.0,1.0,1.0,1.0
2021-01-03,1.0,1.0,1.0,1.0,0.97952
2021-01-04,1.0,1.0,1.0,0.97952,0.98265
2021-01-05,1.0,1.0,0.97952,0.98265,1.0
2021-01-06,1.0,0.97952,0.98265,1.0,1.0
2021-01-07,0.97952,0.98265,1.0,1.0,3.0
2021-01-08,0.98265,1.0,1.0,3.0,3.0
2021-01-09,1.0,1.0,3.0,3.0,4.68325
2021-01-10,1.0,3.0,3.0,4.68325,5.0
2021-01-11,3.0,3.0,4.68325,5.0,5.0
2021-01-16,3.0,4.68325,5.0,5.0,5.0
2021-01-17,4.68325,5.0,5.0,5.0,5.0
2021-01-18,5.0,5.0,5.0,5.0,5.0
2021-01-19,5.0,5.0,5.0,5.0,4.9422
2021-01-20,5.0,5.0,5.0,4.9422,4.00088
2021-01-21,5.0,5.0,4.9422,4.00088,3.5
2021-01-22,5.0,4.9422,4.00088,3.5,2.8
2021-01-23,4.9422,4.00088,3.5,2.8,2.0
2021-01-24,4.00088,3.5,2.8,2.0,2.0
2021-01-25,3.5,2.8,2.0,2.0,2.0
2021-01-26,2.8,2.0,2.0,2.0,1.8
2021-01-27,2.0,2.0,2.0,1.8,1.59092
2021-01-28,2.0,2.0,1.8,1.59092,1.5
2021-01-29,2.0,1.8,1.59092,1.5,1.5
2021-01-30,1.8,1.59092,1.5,1.5,1.5
2021-01-31,1.59092,1.5,1.5,1.5,1.46057
2021-02-01,1.5,1.5,1.5,1.46057,1.45491
2021-02-02,1.5,1.5,1.46057,1.45491,1.48176
2021-02-03,1.5,1.46057,1.45491,1.48176,1.48481
2021-02-04,1.46057,1.45491,1.48176,1.48481,1.484
2021-02-05,1.45491,1.48176,1.48481,1.484,1.46667
2021-02-06,1.48176,1.48481,1.484,1.46667,1.5
2021-02-07,1.48481,1.484,1.46667,1.5,1.5
2021-02-08,1.484,1.46667,1.5,1.5,1.5
2021-02-09,1.46667,1.5,1.5,1.5,1.5
2021-02-10,1.5,1.5,1.5,1.5,1.6
2021-02-11,1.5,1.5,1.5,1.6,1.5
2021-02-12,1.5,1.5,1.6,1.5,1.5
2021-02-13,1.5,1.6,1.5,1.5,1.5
2021-02-14,1.6,1.5,1.5,1.5,1.5
2021-02-15,1.5,1.5,1.5,1.5,1.58334
2021-02-16,1.5,1.5,1.5,1.58334,1.63622
2021-02-17,1.5,1.5,1.58334,1.63622,1.5
2021-02-18,1.5,1.58334,1.63622,1.5,1.5
2021-02-19,1.58334,1.63622,1.5,1.5,1.5
2021-02-20,1.63622,1.5,1.5,1.5,1.5
2021-02-21,1.5,1.5,1.5,1.5,1.5
2021-02-22,1.5,1.5,1.5,1.5,1.5
2021-02-23,1.5,1.5,1.5,1.5,1.52391
2021-02-24,1.5,1.5,1.5,1.52391,1.49437
2021-02-25,1.5,1.5,1.52391,1.49437,1.5
2021-02-26,1.5,1.52391,1.49437,1.5,1.5
2021-02-27,1.52391,1.49437,1.5,1.5,1.5
2021-02-28,1.49437,1.5,1.5,1.5,1.5
2021-03-01,1.5,1.5,1.5,1.5,1.5
2021-03-02,1.5,1.5,1.5,1.5,1.5
2021-03-03,1.5,1.5,1.5,1.5,1.5
2021-03-04,1.5,1.5,1.5,1.5,1.5
2021-03-05,1.5,1.5,1.5,1.5,1.49406
2021-03-06,1.5,1.5,1.5,1.49406,1.5
2021-03-07,1.5,1.5,1.49406,1.5,1.5
2021-03-08,1.5,1.49406,1.5,1.5,1.5
2021-03-09,1.49406,1.5,1.5,1.5,1.5
2021-03-10,1.5,1.5,1.5,1.5,1.5
2021-03-11,1.5,1.5,1.5,1.5,1.5
2021-03-12,1.5,1.5,1.5,1.5,1.5
2021-03-13,1.5,1.5,1.5,1.5,1.48786
2021-03-14,1.5,1.5,1.5,1.48786,1.5
2021-03-15,1.5,1.5,1.48786,1.5,1.5
2021-03-16,1.5,1.48786,1.5,1.5,1.5562
2021-03-17,1.48786,1.5,1.5,1.5562,1.63887
2021-03-18,1.5,1.5,1.5562,1.63887,1.5
2021-03-19,1.5,1.5562,1.63887,1.5,1.5
2021-03-20,1.5562,1.63887,1.5,1.5,1.5
2021-03-21,1.63887,1.5,1.5,1.5,1.5
2021-03-22,1.5,1.5,1.5,1.5,1.59848
2021-03-23,1.5,1.5,1.5,1.59848,1.66667
2021-03-24,1.5,1.5,1.59848,1.66667,1.54607
2021-03-25,1.5,1.59848,1.66667,1.54607,1.5
2021-03-26,1.59848,1.66667,1.54607,1.5,1.5
2021-03-27,1.66667,1.54607,1.5,1.5,1.5
2021-03-28,1.54607,1.5,1.5,1.5,1.5
2021-03-29,1.5,1.5,1.5,1.5,1.55966
2021-03-30,1.5,1.5,1.5,1.55966,1.66667
2021-03-31,1.5,1.5,1.55966,1.66667,1.66667
2021-04-01,1.5,1.55966,1.66667,1.66667,1.5
2021-04-02,1.55966,1.66667,1.66667,1.5,1.66667
2021-04-03,1.66667,1.66667,1.5,1.66667,1.68173
2021-04-04,1.66667,1.5,1.66667,1.68173,1.66667
2021-04-05,1.5,1.66667,1.68173,1.66667,1.66667
2021-04-06,1.66667,1.68173,1.66667,1.66667,1.71888
2021-04-07,1.68173,1.66667,1.66667,1.71888,2.0
2021-04-08,1.66667,1.66667,1.71888,2.0,45.19809
2021-04-09,1.66667,1.71888,2.0,45.19809,73.35887
2021-04-10,1.71888,2.0,45.19809,73.35887,79.73512
2021-04-11,2.0,45.19809,73.35887,79.73512,52.0
2021-04-12,45.19809,73.35887,79.73512,52.0,36.0
2021-04-17,73.35887,79.73512,52.0,36.0,28.0
2021-04-18,79.73512,52.0,36.0,28.0,25.0
2021-04-19,52.0,36.0,28.0,25.0,24.0
2021-04-20,36.0,28.0,25.0,24.0,21.0
2021-04-21,28.0,25.0,24.0,21.0,20.0
2021-04-22,25.0,24.0,21.0,20.0,20.0
2021-04-23,24.0,21.0,20.0,20.0,17.0
2021-04-24,21.0,20.0,20.0,17.0,15.0
2021-04-25,20.0,20.0,17.0,15.0,14.0
2021-04-26,20.0,17.0,15.0,14.0,14.0
2021-04-27,17.0,15.0,14.0,14.0,15.0
2021-04-28,15.0,14.0,14.0,15.0,14.0
2021-04-29,14.0,14.0,15.0,14.0,12.0
2021-04-30,14.0,15.0,14.0,12.0,12.0
2021-05-01,15.0,14.0,12.0,12.0,11.02645
2021-05-02,14.0,12.0,12.0,11.02645,12.0
2021-05-03,12.0,12.0,11.02645,12.0,12.0
2021-05-04,12.0,11.02645,12.0,12.0,12.0
2021-05-05,11.02645,12.0,12.0,12.0,12.0
2021-05-06,12.0,12.0,12.0,12.0,12.0
2021-05-07,12.0,12.0,12.0,12.0,12.0
2021-05-08,12.0,12.0,12.0,12.0,12.0
2021-05-09,12.0,12.0,12.0,12.0,11.38892
2021-05-10,12.0,12.0,12.0,11.38892,11.29688
2021-05-11,12.0,12.0,11.38892,11.29688,12.0
2021-05-12,12.0,11.38892,11.29688,12.0,11.07513
2021-05-13,11.38892,11.29688,12.0,11.07513,12.0
2021-05-14,11.29688,12.0,11.07513,12.0,12.0
2021-05-15,12.0,11.07513,12.0,12.0,12.0
2021-05-16,11.07513,12.0,12.0,12.0,12.0
2021-05-17,12.0,12.0,12.0,12.0,12.0
2021-05-18,12.0,12.0,12.0,12.0,12.0
2021-05-19,12.0,12.0,12.0,12.0,12.0
2021-05-20,12.0,12.0,12.0,12.0,12.0
2021-05-21,12.0,12.0,12.0,12.0,12.0
2021-05-22,12.0,12.0,12.0,12.0,10.54224
2021-05-23,12.0,12.0,12.0,10.54224,10.0
2021-05-24,12.0,12.0,10.54224,10.0,10.0
2021-05-25,12.0,10.54224,10.0,10.0,10.0
2021-05-26,10.54224,10.0,10.0,10.0,10.0
2021-05-27,10.0,10.0,10.0,10.0,9.0
2021-05-28,10.0,10.0,10.0,9.0,9.0
2021-05-29,10.0,10.0,9.0,9.0,9.0
2021-05-30,10.0,9.0,9.0,9.0,9.0
2021-05-31,9.0,9.0,9.0,9.0,9.0
2021-06-01,9.0,9.0,9.0,9.0,9.0
2021-06-02,9.0,9.0,9.0,9.0,9.82516
2021-06-03,9.0,9.0,9.0,9.82516,9.0
2021-06-04,9.0,9.0,9.82516,9.0,8.07238
2021-06-05,9.0,9.82516,9.0,8.07238,7.94469
2021-06-06,9.82516,9.0,8.07238,7.94469,9.0
2021-06-07,9.0,8.07238,7.94469,9.0,9.95009
2021-06-08,8.07238,7.94469,9.0,9.95009,9.95
2021-06-09,7.94469,9.0,9.95009,9.95,9.99037
2021-06-10,9.0,9.95009,9.95,9.99037,9.89448
2021-06-11,9.95009,9.95,9.99037,9.89448,9.98549
2021-06-12,9.95,9.99037,9.89448,9.98549,10.0
2021-06-13,9.99037,9.89448,9.98549,10.0,9.34707
2021-06-14,9.89448,9.98549,10.0,9.34707,9.4883
2021-06-15,9.98549,10.0,9.34707,9.4883,10.0
2021-06-16,10.0,9.34707,9.4883,10.0,9.7
2021-06-17,9.34707,9.4883,10.0,9.7,10.0
2021-06-18,9.4883,10.0,9.7,10.0,10.0
2021-06-19,10.0,9.7,10.0,10.0,10.0
2021-06-20,9.7,10.0,10.0,10.0,9.99296
2021-06-21,10.0,10.0,10.0,9.99296,10.0
2021-06-22,10.0,10.0,9.99296,10.0,11.70833
2021-06-23,10.0,9.99296,10.0,11.70833,9.78679
2021-06-24,9.99296,10.0,11.70833,9.78679,10.0
2021-06-25,10.0,11.70833,9.78679,10.0,10.0
2021-06-26,11.70833,9.78679,10.0,10.0,10.68433
2021-06-27,9.78679,10.0,10.0,10.68433,10.0
2021-06-28,10.0,10.0,10.68433,10.0,10.0
2021-06-29,10.0,10.68433,10.0,10.0,10.13488
2021-06-30,10.68433,10.0,10.0,10.13488,10.0
2021-07-01,10.0,10.0,10.13488,10.0,10.0
2021-07-02,10.0,10.13488,10.0,10.0,10.0
2021-07-03,10.13488,10.0,10.0,10.0,11.848
2021-07-04,10.0,10.0,10.0,11.848,10.0
2021-07-05,10.0,10.0,11.848,10.0,10.0
2021-07-06,10.0,11.848,10.0,10.0,11.55556
2021-07-07,11.848,10.0,10.0,11.55556,10.0
2021-07-08,10.0,10.0,11.55556,10.0,10.0
2021-07-09,10.0,11.55556,10.0,10.0,10.0
2021-07-10,11.55556,10.0,10.0,10.0,10.0
2021-07-11,10.0,10.0,10.0,10.0,10.0
2021-07-12,10.0,10.0,10.0,10.0,9.94737
2021-07-13,10.0,10.0,10.0,9.94737,10.0
2021-07-14,10.0,10.0,9.94737,10.0,11.94898
2021-07-15,10.0,9.94737,10.0,11.94898,24.87
2021-07-16,9.94737,10.0,11.94898,24.87,31.04773
2021-07-17,10.0,11.94898,24.87,31.04773,29.7892
2021-07-18,11.94898,24.87,31.04773,29.7892,28.0
2021-07-19,24.87,31.04773,29.7892,28.0,23.34728
